DepthCut,SpindleSpd,Stable/Unstable
0.021,1800,1
0.022,1800,1
0.023,1800,1
0.024,1800,1
0.025,1800,1
0.026,1800,1
0.027,1800,1
0.028,1800,1
0.029,1800,1
0.03,1800,1
0.031,1800,1
0.032,1800,1
0.033,1800,1
0.034,1800,1
0.035,1800,1
0.036,1800,1
0.037,1800,1
0.038,1800,1
0.039,1800,1
0.04,1800,1
0.041,1800,1
0.042,1800,1
0.043,1800,1
0.044,1800,1
0.045,1800,1
0.046,1800,1
0.047,1800,1
0.048,1800,1
0.049,1800,1
0.05,1800,1
0.051,1800,1
0.052,1800,1
0.053,1800,1
0.054,1800,1
0.055,1800,1
0.056,1800,1
0.057,1800,1
0.058,1800,1
0.059,1800,1
0.06,1800,1
0.061,1800,1
0.062,1800,1
0.063,1800,1
0.064,1800,1
0.065,1800,1
0.066,1800,1
0.067,1800,1
0.068,1800,1
0.069,1800,1
0.07,1800,1
0.071,1800,1
0.072,1800,1
0.073,1800,1
0.074,1800,1
0.075,1800,1
0.076,1800,1
0.077,1800,1
0.078,1800,1
0.079,1800,1
0.02,1825,1
0.021,1825,1
0.022,1825,1
0.023,1825,1
0.024,1825,1
0.025,1825,1
0.026,1825,1
0.027,1825,1
0.028,1825,1
0.029,1825,1
0.03,1825,1
0.031,1825,1
0.032,1825,1
0.033,1825,1
0.034,1825,1
0.035,1825,1
0.036,1825,1
0.037,1825,1
0.038,1825,1
0.039,1825,1
0.04,1825,1
0.02,1850,1
0.021,1850,1
0.022,1850,1
0.023,1850,1
0.024,1850,1
0.025,1850,1
0.026,1850,1
0.027,1850,1
0.028,1850,1
0.029,1850,1
0.03,1850,1
0.031,1850,1
0.032,1850,1
0.033,1850,1
0.034,1850,1
0.035,1850,1
0.02,1875,1
0.021,1875,1
0.022,1875,1
0.023,1875,1
0.024,1875,1
0.025,1875,1
0.026,1875,1
0.027,1875,1
0.028,1875,1
0.029,1875,1
0.03,1875,1
0.031,1875,1
0.032,1875,1
0.02,1910,1
0.021,1910,1
0.022,1910,1
0.023,1910,1
0.024,1910,1
0.025,1910,1
0.026,1910,1
0.027,1910,1
0.028,1910,1
0.029,1910,1
0.03,1910,1
0.031,1910,1
0.032,1910,1
0.02,1950,1
0.021,1950,1
0.022,1950,1
0.023,1950,1
0.024,1950,1
0.025,1950,1
0.026,1950,1
0.027,1950,1
0.028,1950,1
0.029,1950,1
0.03,1950,1
0.031,1950,1
0.032,1950,1
0.02,1975,1
0.021,1975,1
0.022,1975,1
0.023,1975,1
0.024,1975,1
0.025,1975,1
0.026,1975,1
0.027,1975,1
0.028,1975,1
0.029,1975,1
0.03,1975,1
0.031,1975,1
0.032,1975,1
0.033,1975,1
0.034,1975,1
0.035,1975,1
0.02,2000,1
0.021,2000,1
0.022,2000,1
0.023,2000,1
0.024,2000,1
0.025,2000,1
0.026,2000,1
0.027,2000,1
0.028,2000,1
0.029,2000,1
0.03,2000,1
0.031,2000,1
0.032,2000,1
0.033,2000,1
0.034,2000,1
0.035,2000,1
0.036,2000,1
0.037,2000,1
0.038,2000,1
0.039,2000,1
0.04,2000,1
0.041,2000,1
0.042,2000,1
0.043,2000,1
0.044,2000,1
0.045,2000,1
0.046,2000,1
0.047,2000,1
0.048,2000,1
0.049,2000,1
0.05,2000,1
0.051,2000,1
0.052,2000,1
0.053,2000,1
0.054,2000,1
0.055,2000,1
0.056,2000,1
0.057,2000,1
0.058,2000,1
0.059,2000,1
0.06,2000,1
0.061,2000,1
0.062,2000,1
0.063,2000,1
0.064,2000,1
0.065,2000,1
0.066,2000,1
0.067,2000,1
0.068,2000,1
0.069,2000,1
0.07,2000,1
0.02,2010,1
0.021,2010,1
0.022,2010,1
0.023,2010,1
0.024,2010,1
0.025,2010,1
0.026,2010,1
0.027,2010,1
0.028,2010,1
0.029,2010,1
0.03,2010,1
0.031,2010,1
0.032,2010,1
0.033,2010,1
0.034,2010,1
0.035,2010,1
0.036,2010,1
0.037,2010,1
0.038,2010,1
0.039,2010,1
0.04,2010,1
0.041,2010,1
0.042,2010,1
0.043,2010,1
0.044,2010,1
0.045,2010,1
0.046,2010,1
0.047,2010,1
0.048,2010,1
0.049,2010,1
0.05,2010,1
0.051,2010,1
0.052,2010,1
0.053,2010,1
0.054,2010,1
0.055,2010,1
0.056,2010,1
0.057,2010,1
0.058,2010,1
0.059,2010,1
0.06,2010,1
0.061,2010,1
0.062,2010,1
0.063,2010,1
0.064,2010,1
0.065,2010,1
0.066,2010,1
0.067,2010,1
0.068,2010,1
0.069,2010,1
0.07,2010,1
0.071,2010,1
0.072,2010,1
0.073,2010,1
0.074,2010,1
0.075,2010,1
0.076,2010,1
0.077,2010,1
0.078,2010,1
0.079,2010,1
0.08,2010,1
0.081,2010,1
0.082,2010,1
0.083,2010,1
0.084,2010,1
0.085,2010,1
0.086,2010,1
0.087,2010,1
0.088,2010,1
0.089,2010,1
0.09,2010,1
0.091,2010,1
0.092,2010,1
0.093,2010,1
0.094,2010,1
0.095,2010,1
0.096,2010,1
0.097,2010,1
0.098,2010,1
0.099,2010,1
0.1,2010,1
0.101,2010,1
0.102,2010,1
0.103,2010,1
0.104,2010,1
0.105,2010,1
0.106,2010,1
0.107,2010,1
0.108,2010,1
0.109,2010,1
0.11,2010,1
0.02,2390,1
0.021,2390,1
0.022,2390,1
0.023,2390,1
0.024,2390,1
0.025,2390,1
0.026,2390,1
0.027,2390,1
0.028,2390,1
0.029,2390,1
0.03,2390,1
0.031,2390,1
0.032,2390,1
0.033,2390,1
0.034,2390,1
0.035,2390,1
0.036,2390,1
0.037,2390,1
0.038,2390,1
0.039,2390,1
0.04,2390,1
0.041,2390,1
0.042,2390,1
0.043,2390,1
0.044,2390,1
0.045,2390,1
0.046,2390,1
0.047,2390,1
0.048,2390,1
0.049,2390,1
0.05,2390,1
0.051,2390,1
0.052,2390,1
0.053,2390,1
0.054,2390,1
0.055,2390,1
0.056,2390,1
0.057,2390,1
0.058,2390,1
0.059,2390,1
0.06,2390,1
0.061,2390,1
0.062,2390,1
0.063,2390,1
0.064,2390,1
0.065,2390,1
0.066,2390,1
0.067,2390,1
0.068,2390,1
0.069,2390,1
0.07,2390,1
0.071,2390,1
0.072,2390,1
0.073,2390,1
0.074,2390,1
0.075,2390,1
0.076,2390,1
0.077,2390,1
0.078,2390,1
0.079,2390,1
0.08,2390,1
0.081,2390,1
0.082,2390,1
0.083,2390,1
0.084,2390,1
0.085,2390,1
0.086,2390,1
0.087,2390,1
0.088,2390,1
0.089,2390,1
0.09,2390,1
0.091,2390,1
0.092,2390,1
0.093,2390,1
0.094,2390,1
0.095,2390,1
0.096,2390,1
0.097,2390,1
0.098,2390,1
0.099,2390,1
0.1,2390,1
0.101,2390,1
0.102,2390,1
0.103,2390,1
0.104,2390,1
0.105,2390,1
0.106,2390,1
0.107,2390,1
0.108,2390,1
0.109,2390,1
0.11,2390,1
0.02,2400,1
0.021,2400,1
0.022,2400,1
0.023,2400,1
0.024,2400,1
0.025,2400,1
0.026,2400,1
0.027,2400,1
0.028,2400,1
0.029,2400,1
0.03,2400,1
0.031,2400,1
0.032,2400,1
0.033,2400,1
0.034,2400,1
0.035,2400,1
0.036,2400,1
0.037,2400,1
0.038,2400,1
0.039,2400,1
0.04,2400,1
0.041,2400,1
0.042,2400,1
0.043,2400,1
0.044,2400,1
0.045,2400,1
0.046,2400,1
0.047,2400,1
0.048,2400,1
0.049,2400,1
0.05,2400,1
0.051,2400,1
0.052,2400,1
0.053,2400,1
0.054,2400,1
0.055,2400,1
0.056,2400,1
0.057,2400,1
0.058,2400,1
0.059,2400,1
0.06,2400,1
0.061,2400,1
0.062,2400,1
0.063,2400,1
0.064,2400,1
0.065,2400,1
0.066,2400,1
0.067,2400,1
0.068,2400,1
0.069,2400,1
0.07,2400,1
0.071,2400,1
0.072,2400,1
0.073,2400,1
0.074,2400,1
0.075,2400,1
0.076,2400,1
0.077,2400,1
0.078,2400,1
0.079,2400,1
0.08,2400,1
0.081,2400,1
0.082,2400,1
0.083,2400,1
0.084,2400,1
0.085,2400,1
0.086,2400,1
0.087,2400,1
0.088,2400,1
0.089,2400,1
0.09,2400,1
0.091,2400,1
0.092,2400,1
0.093,2400,1
0.094,2400,1
0.095,2400,1
0.096,2400,1
0.097,2400,1
0.098,2400,1
0.02,2450,1
0.021,2450,1
0.022,2450,1
0.023,2450,1
0.024,2450,1
0.025,2450,1
0.026,2450,1
0.027,2450,1
0.028,2450,1
0.029,2450,1
0.03,2450,1
0.031,2450,1
0.032,2450,1
0.033,2450,1
0.034,2450,1
0.035,2450,1
0.036,2450,1
0.037,2450,1
0.038,2450,1
0.039,2450,1
0.04,2450,1
0.041,2450,1
0.042,2450,1
0.02,2500,1
0.021,2500,1
0.022,2500,1
0.023,2500,1
0.024,2500,1
0.025,2500,1
0.026,2500,1
0.027,2500,1
0.028,2500,1
0.029,2500,1
0.03,2500,1
0.031,2500,1
0.032,2500,1
0.033,2500,1
0.034,2500,1
0.035,2500,1
0.02,2550,1
0.021,2550,1
0.022,2550,1
0.023,2550,1
0.024,2550,1
0.025,2550,1
0.026,2550,1
0.027,2550,1
0.028,2550,1
0.029,2550,1
0.03,2550,1
0.031,2550,1
0.032,2550,1
0.02,2600,1
0.021,2600,1
0.022,2600,1
0.023,2600,1
0.024,2600,1
0.025,2600,1
0.026,2600,1
0.027,2600,1
0.028,2600,1
0.029,2600,1
0.03,2600,1
0.031,2600,1
0.032,2600,1
0.02,2650,1
0.021,2650,1
0.022,2650,1
0.023,2650,1
0.024,2650,1
0.025,2650,1
0.026,2650,1
0.027,2650,1
0.028,2650,1
0.029,2650,1
0.03,2650,1
0.031,2650,1
0.032,2650,1
0.033,2650,1
0.034,2650,1
0.02,2700,1
0.021,2700,1
0.022,2700,1
0.023,2700,1
0.024,2700,1
0.025,2700,1
0.026,2700,1
0.027,2700,1
0.028,2700,1
0.029,2700,1
0.03,2700,1
0.031,2700,1
0.032,2700,1
0.033,2700,1
0.034,2700,1
0.035,2700,1
0.036,2700,1
0.037,2700,1
0.038,2700,1
0.039,2700,1
0.04,2700,1
0.041,2700,1
0.042,2700,1
0.043,2700,1
0.044,2700,1
0.045,2700,1
0.046,2700,1
0.02,2750,1
0.021,2750,1
0.022,2750,1
0.023,2750,1
0.024,2750,1
0.025,2750,1
0.026,2750,1
0.027,2750,1
0.028,2750,1
0.029,2750,1
0.03,2750,1
0.031,2750,1
0.032,2750,1
0.033,2750,1
0.034,2750,1
0.035,2750,1
0.036,2750,1
0.037,2750,1
0.038,2750,1
0.039,2750,1
0.04,2750,1
0.041,2750,1
0.042,2750,1
0.043,2750,1
0.044,2750,1
0.045,2750,1
0.046,2750,1
0.047,2750,1
0.048,2750,1
0.049,2750,1
0.05,2750,1
0.051,2750,1
0.052,2750,1
0.053,2750,1
0.054,2750,1
0.055,2750,1
0.056,2750,1
0.057,2750,1
0.058,2750,1
0.059,2750,1
0.06,2750,1
0.061,2750,1
0.062,2750,1
0.02,2800,1
0.021,2800,1
0.022,2800,1
0.023,2800,1
0.024,2800,1
0.025,2800,1
0.026,2800,1
0.027,2800,1
0.028,2800,1
0.029,2800,1
0.03,2800,1
0.031,2800,1
0.032,2800,1
0.033,2800,1
0.034,2800,1
0.035,2800,1
0.036,2800,1
0.037,2800,1
0.038,2800,1
0.039,2800,1
0.04,2800,1
0.041,2800,1
0.042,2800,1
0.043,2800,1
0.044,2800,1
0.045,2800,1
0.046,2800,1
0.047,2800,1
0.048,2800,1
0.049,2800,1
0.05,2800,1
0.051,2800,1
0.052,2800,1
0.053,2800,1
0.054,2800,1
0.055,2800,1
0.056,2800,1
0.057,2800,1
0.058,2800,1
0.059,2800,1
0.06,2800,1
0.061,2800,1
0.062,2800,1
0.063,2800,1
0.064,2800,1
0.065,2800,1
0.066,2800,1
0.067,2800,1
0.068,2800,1
0.069,2800,1
0.07,2800,1
0.071,2800,1
0.072,2800,1
0.073,2800,1
0.074,2800,1
0.075,2800,1
0.076,2800,1
0.077,2800,1
0.078,2800,1
0.079,2800,1
0.08,2800,1
0.081,2800,1
0.082,2800,1
0.083,2800,1
0.084,2800,1
0.085,2800,1
0.086,2800,1
0.087,2800,1
0.02,2810,1
0.021,2810,1
0.022,2810,1
0.023,2810,1
0.024,2810,1
0.025,2810,1
0.026,2810,1
0.027,2810,1
0.028,2810,1
0.029,2810,1
0.03,2810,1
0.031,2810,1
0.032,2810,1
0.033,2810,1
0.034,2810,1
0.035,2810,1
0.036,2810,1
0.037,2810,1
0.038,2810,1
0.039,2810,1
0.04,2810,1
0.041,2810,1
0.042,2810,1
0.043,2810,1
0.044,2810,1
0.045,2810,1
0.046,2810,1
0.047,2810,1
0.048,2810,1
0.049,2810,1
0.05,2810,1
0.051,2810,1
0.052,2810,1
0.053,2810,1
0.054,2810,1
0.055,2810,1
0.056,2810,1
0.057,2810,1
0.058,2810,1
0.059,2810,1
0.06,2810,1
0.061,2810,1
0.062,2810,1
0.063,2810,1
0.064,2810,1
0.065,2810,1
0.066,2810,1
0.067,2810,1
0.068,2810,1
0.069,2810,1
0.07,2810,1
0.071,2810,1
0.072,2810,1
0.073,2810,1
0.074,2810,1
0.075,2810,1
0.076,2810,1
0.077,2810,1
0.078,2810,1
0.079,2810,1
0.08,2810,1
0.081,2810,1
0.082,2810,1
0.083,2810,1
0.084,2810,1
0.085,2810,1
0.086,2810,1
0.087,2810,1
0.088,2810,1
0.089,2810,1
0.09,2810,1
0.091,2810,1
0.092,2810,1
0.093,2810,1
0.094,2810,1
0.095,2810,1
0.096,2810,1
0.097,2810,1
0.098,2810,1
0.099,2810,1
0.1,2810,1
0.101,2810,1
0.102,2810,1
0.103,2810,1
0.104,2810,1
0.105,2810,1
0.106,2810,1
0.107,2810,1
0.108,2810,1
0.109,2810,1
0.11,2810,1
0.02,3640,1
0.021,3640,1
0.022,3640,1
0.023,3640,1
0.024,3640,1
0.025,3640,1
0.026,3640,1
0.027,3640,1
0.028,3640,1
0.029,3640,1
0.03,3640,1
0.031,3640,1
0.032,3640,1
0.033,3640,1
0.034,3640,1
0.035,3640,1
0.036,3640,1
0.037,3640,1
0.038,3640,1
0.039,3640,1
0.04,3640,1
0.041,3640,1
0.042,3640,1
0.043,3640,1
0.044,3640,1
0.045,3640,1
0.046,3640,1
0.047,3640,1
0.048,3640,1
0.049,3640,1
0.05,3640,1
0.051,3640,1
0.052,3640,1
0.053,3640,1
0.054,3640,1
0.055,3640,1
0.056,3640,1
0.057,3640,1
0.058,3640,1
0.059,3640,1
0.06,3640,1
0.061,3640,1
0.062,3640,1
0.063,3640,1
0.064,3640,1
0.065,3640,1
0.066,3640,1
0.067,3640,1
0.068,3640,1
0.069,3640,1
0.07,3640,1
0.071,3640,1
0.072,3640,1
0.073,3640,1
0.074,3640,1
0.075,3640,1
0.076,3640,1
0.077,3640,1
0.078,3640,1
0.079,3640,1
0.08,3640,1
0.081,3640,1
0.082,3640,1
0.083,3640,1
0.084,3640,1
0.085,3640,1
0.086,3640,1
0.087,3640,1
0.088,3640,1
0.089,3640,1
0.09,3640,1
0.091,3640,1
0.092,3640,1
0.093,3640,1
0.094,3640,1
0.095,3640,1
0.096,3640,1
0.097,3640,1
0.098,3640,1
0.099,3640,1
0.1,3640,1
0.101,3640,1
0.102,3640,1
0.103,3640,1
0.104,3640,1
0.105,3640,1
0.106,3640,1
0.107,3640,1
0.108,3640,1
0.109,3640,1
0.11,3640,1
0.02,3650,1
0.021,3650,1
0.022,3650,1
0.023,3650,1
0.024,3650,1
0.025,3650,1
0.026,3650,1
0.027,3650,1
0.028,3650,1
0.029,3650,1
0.03,3650,1
0.031,3650,1
0.032,3650,1
0.033,3650,1
0.034,3650,1
0.035,3650,1
0.036,3650,1
0.037,3650,1
0.038,3650,1
0.039,3650,1
0.04,3650,1
0.041,3650,1
0.042,3650,1
0.043,3650,1
0.044,3650,1
0.045,3650,1
0.046,3650,1
0.047,3650,1
0.048,3650,1
0.049,3650,1
0.05,3650,1
0.051,3650,1
0.052,3650,1
0.053,3650,1
0.054,3650,1
0.055,3650,1
0.056,3650,1
0.057,3650,1
0.058,3650,1
0.059,3650,1
0.06,3650,1
0.061,3650,1
0.062,3650,1
0.063,3650,1
0.064,3650,1
0.065,3650,1
0.066,3650,1
0.067,3650,1
0.068,3650,1
0.069,3650,1
0.07,3650,1
0.02,3700,1
0.021,3700,1
0.022,3700,1
0.023,3700,1
0.024,3700,1
0.025,3700,1
0.026,3700,1
0.027,3700,1
0.028,3700,1
0.029,3700,1
0.03,3700,1
0.031,3700,1
0.032,3700,1
0.033,3700,1
0.034,3700,1
0.035,3700,1
0.036,3700,1
0.037,3700,1
0.038,3700,1
0.039,3700,1
0.04,3700,1
0.041,3700,1
0.042,3700,1
0.043,3700,1
0.044,3700,1
0.045,3700,1
0.046,3700,1
0.047,3700,1
0.048,3700,1
0.049,3700,1
0.05,3700,1
0.02,3750,1
0.021,3750,1
0.022,3750,1
0.023,3750,1
0.024,3750,1
0.025,3750,1
0.026,3750,1
0.027,3750,1
0.028,3750,1
0.029,3750,1
0.03,3750,1
0.031,3750,1
0.032,3750,1
0.033,3750,1
0.034,3750,1
0.035,3750,1
0.036,3750,1
0.037,3750,1
0.038,3750,1
0.039,3750,1
0.04,3750,1
0.041,3750,1
0.042,3750,1
0.043,3750,1
0.044,3750,1
0.045,3750,1
0.02,3800,1
0.021,3800,1
0.022,3800,1
0.023,3800,1
0.024,3800,1
0.025,3800,1
0.026,3800,1
0.027,3800,1
0.028,3800,1
0.029,3800,1
0.03,3800,1
0.031,3800,1
0.032,3800,1
0.033,3800,1
0.034,3800,1
0.035,3800,1
0.036,3800,1
0.037,3800,1
0.038,3800,1
0.039,3800,1
0.04,3800,1
0.02,3850,1
0.021,3850,1
0.022,3850,1
0.023,3850,1
0.024,3850,1
0.025,3850,1
0.026,3850,1
0.027,3850,1
0.028,3850,1
0.029,3850,1
0.03,3850,1
0.031,3850,1
0.032,3850,1
0.033,3850,1
0.034,3850,1
0.035,3850,1
0.036,3850,1
0.037,3850,1
0.02,3900,1
0.021,3900,1
0.022,3900,1
0.023,3900,1
0.024,3900,1
0.025,3900,1
0.026,3900,1
0.027,3900,1
0.028,3900,1
0.029,3900,1
0.03,3900,1
0.031,3900,1
0.032,3900,1
0.033,3900,1
0.034,3900,1
0.02,3950,1
0.021,3950,1
0.022,3950,1
0.023,3950,1
0.024,3950,1
0.025,3950,1
0.026,3950,1
0.027,3950,1
0.028,3950,1
0.029,3950,1
0.03,3950,1
0.031,3950,1
0.032,3950,1
0.02,4000,1
0.021,4000,1
0.022,4000,1
0.023,4000,1
0.024,4000,1
0.025,4000,1
0.026,4000,1
0.027,4000,1
0.028,4000,1
0.029,4000,1
0.03,4000,1
0.031,4000,1
0.032,4000,1
0.02,4050,1
0.021,4050,1
0.022,4050,1
0.023,4050,1
0.024,4050,1
0.025,4050,1
0.026,4050,1
0.027,4050,1
0.028,4050,1
0.029,4050,1
0.03,4050,1
0.031,4050,1
0.032,4050,1
0.02,4100,1
0.021,4100,1
0.022,4100,1
0.023,4100,1
0.024,4100,1
0.025,4100,1
0.026,4100,1
0.027,4100,1
0.028,4100,1
0.029,4100,1
0.03,4100,1
0.031,4100,1
0.032,4100,1
0.033,4100,1
0.02,4150,1
0.021,4150,1
0.022,4150,1
0.023,4150,1
0.024,4150,1
0.025,4150,1
0.026,4150,1
0.027,4150,1
0.028,4150,1
0.029,4150,1
0.03,4150,1
0.031,4150,1
0.032,4150,1
0.033,4150,1
0.034,4150,1
0.035,4150,1
0.02,4200,1
0.021,4200,1
0.022,4200,1
0.023,4200,1
0.024,4200,1
0.025,4200,1
0.026,4200,1
0.027,4200,1
0.028,4200,1
0.029,4200,1
0.03,4200,1
0.031,4200,1
0.032,4200,1
0.033,4200,1
0.034,4200,1
0.035,4200,1
0.02,4250,1
0.021,4250,1
0.022,4250,1
0.023,4250,1
0.024,4250,1
0.025,4250,1
0.026,4250,1
0.027,4250,1
0.028,4250,1
0.029,4250,1
0.03,4250,1
0.031,4250,1
0.032,4250,1
0.033,4250,1
0.034,4250,1
0.035,4250,1
0.036,4250,1
0.037,4250,1
0.02,4300,1
0.021,4300,1
0.022,4300,1
0.023,4300,1
0.024,4300,1
0.025,4300,1
0.026,4300,1
0.027,4300,1
0.028,4300,1
0.029,4300,1
0.03,4300,1
0.031,4300,1
0.032,4300,1
0.033,4300,1
0.034,4300,1
0.035,4300,1
0.036,4300,1
0.037,4300,1
0.038,4300,1
0.039,4300,1
0.04,4300,1
0.041,4300,1
0.02,4350,1
0.021,4350,1
0.022,4350,1
0.023,4350,1
0.024,4350,1
0.025,4350,1
0.026,4350,1
0.027,4350,1
0.028,4350,1
0.029,4350,1
0.03,4350,1
0.031,4350,1
0.032,4350,1
0.033,4350,1
0.034,4350,1
0.035,4350,1
0.036,4350,1
0.037,4350,1
0.038,4350,1
0.039,4350,1
0.04,4350,1
0.041,4350,1
0.042,4350,1
0.043,4350,1
0.044,4350,1
0.045,4350,1
0.046,4350,1
0.047,4350,1
0.02,4400,1
0.021,4400,1
0.022,4400,1
0.023,4400,1
0.024,4400,1
0.025,4400,1
0.026,4400,1
0.027,4400,1
0.028,4400,1
0.029,4400,1
0.03,4400,1
0.031,4400,1
0.032,4400,1
0.033,4400,1
0.034,4400,1
0.035,4400,1
0.036,4400,1
0.037,4400,1
0.038,4400,1
0.039,4400,1
0.04,4400,1
0.041,4400,1
0.042,4400,1
0.043,4400,1
0.044,4400,1
0.045,4400,1
0.046,4400,1
0.047,4400,1
0.048,4400,1
0.049,4400,1
0.05,4400,1
0.051,4400,1
0.052,4400,1
0.053,4400,1
0.054,4400,1
0.055,4400,1
0.056,4400,1
0.057,4400,1
0.02,4450,1
0.021,4450,1
0.022,4450,1
0.023,4450,1
0.024,4450,1
0.025,4450,1
0.026,4450,1
0.027,4450,1
0.028,4450,1
0.029,4450,1
0.03,4450,1
0.031,4450,1
0.032,4450,1
0.033,4450,1
0.034,4450,1
0.035,4450,1
0.036,4450,1
0.037,4450,1
0.038,4450,1
0.039,4450,1
0.04,4450,1
0.041,4450,1
0.042,4450,1
0.043,4450,1
0.044,4450,1
0.045,4450,1
0.046,4450,1
0.047,4450,1
0.048,4450,1
0.049,4450,1
0.05,4450,1
0.051,4450,1
0.052,4450,1
0.053,4450,1
0.054,4450,1
0.055,4450,1
0.056,4450,1
0.057,4450,1
0.058,4450,1
0.059,4450,1
0.06,4450,1
0.061,4450,1
0.062,4450,1
0.063,4450,1
0.064,4450,1
0.065,4450,1
0.066,4450,1
0.067,4450,1
0.068,4450,1
0.02,4500,1
0.021,4500,1
0.022,4500,1
0.023,4500,1
0.024,4500,1
0.025,4500,1
0.026,4500,1
0.027,4500,1
0.028,4500,1
0.029,4500,1
0.03,4500,1
0.031,4500,1
0.032,4500,1
0.033,4500,1
0.034,4500,1
0.035,4500,1
0.036,4500,1
0.037,4500,1
0.038,4500,1
0.039,4500,1
0.04,4500,1
0.041,4500,1
0.042,4500,1
0.043,4500,1
0.044,4500,1
0.045,4500,1
0.046,4500,1
0.047,4500,1
0.048,4500,1
0.049,4500,1
0.05,4500,1
0.051,4500,1
0.052,4500,1
0.053,4500,1
0.054,4500,1
0.055,4500,1
0.056,4500,1
0.057,4500,1
0.058,4500,1
0.059,4500,1
0.06,4500,1
0.061,4500,1
0.062,4500,1
0.063,4500,1
0.064,4500,1
0.065,4500,1
0.066,4500,1
0.067,4500,1
0.068,4500,1
0.069,4500,1
0.07,4500,1
0.071,4500,1
0.072,4500,1
0.073,4500,1
0.074,4500,1
0.075,4500,1
0.02,4550,1
0.021,4550,1
0.022,4550,1
0.023,4550,1
0.024,4550,1
0.025,4550,1
0.026,4550,1
0.027,4550,1
0.028,4550,1
0.029,4550,1
0.03,4550,1
0.031,4550,1
0.032,4550,1
0.033,4550,1
0.034,4550,1
0.035,4550,1
0.036,4550,1
0.037,4550,1
0.038,4550,1
0.039,4550,1
0.04,4550,1
0.041,4550,1
0.042,4550,1
0.043,4550,1
0.044,4550,1
0.045,4550,1
0.046,4550,1
0.047,4550,1
0.048,4550,1
0.049,4550,1
0.05,4550,1
0.051,4550,1
0.052,4550,1
0.053,4550,1
0.054,4550,1
0.055,4550,1
0.056,4550,1
0.057,4550,1
0.058,4550,1
0.059,4550,1
0.06,4550,1
0.061,4550,1
0.062,4550,1
0.063,4550,1
0.064,4550,1
0.065,4550,1
0.066,4550,1
0.067,4550,1
0.068,4550,1
0.069,4550,1
0.07,4550,1
0.071,4550,1
0.072,4550,1
0.073,4550,1
0.074,4550,1
0.075,4550,1
0.076,4550,1
0.077,4550,1
0.078,4550,1
0.079,4550,1
0.08,4550,1
0.081,4550,1
0.082,4550,1
0.083,4550,1
0.02,4600,1
0.021,4600,1
0.022,4600,1
0.023,4600,1
0.024,4600,1
0.025,4600,1
0.026,4600,1
0.027,4600,1
0.028,4600,1
0.029,4600,1
0.03,4600,1
0.031,4600,1
0.032,4600,1
0.033,4600,1
0.034,4600,1
0.035,4600,1
0.036,4600,1
0.037,4600,1
0.038,4600,1
0.039,4600,1
0.04,4600,1
0.041,4600,1
0.042,4600,1
0.043,4600,1
0.044,4600,1
0.045,4600,1
0.046,4600,1
0.047,4600,1
0.048,4600,1
0.049,4600,1
0.05,4600,1
0.051,4600,1
0.052,4600,1
0.053,4600,1
0.054,4600,1
0.055,4600,1
0.056,4600,1
0.057,4600,1
0.058,4600,1
0.059,4600,1
0.06,4600,1
0.061,4600,1
0.062,4600,1
0.063,4600,1
0.064,4600,1
0.065,4600,1
0.066,4600,1
0.067,4600,1
0.068,4600,1
0.069,4600,1
0.07,4600,1
0.071,4600,1
0.072,4600,1
0.073,4600,1
0.074,4600,1
0.075,4600,1
0.076,4600,1
0.077,4600,1
0.078,4600,1
0.079,4600,1
0.08,4600,1
0.081,4600,1
0.082,4600,1
0.083,4600,1
0.084,4600,1
0.085,4600,1
0.086,4600,1
0.087,4600,1
0.088,4600,1
0.089,4600,1
0.09,4600,1
0.091,4600,1
0.092,4600,1
0.093,4600,1
0.02,4650,1
0.021,4650,1
0.022,4650,1
0.023,4650,1
0.024,4650,1
0.025,4650,1
0.026,4650,1
0.027,4650,1
0.028,4650,1
0.029,4650,1
0.03,4650,1
0.031,4650,1
0.032,4650,1
0.033,4650,1
0.034,4650,1
0.035,4650,1
0.036,4650,1
0.037,4650,1
0.038,4650,1
0.039,4650,1
0.04,4650,1
0.041,4650,1
0.042,4650,1
0.043,4650,1
0.044,4650,1
0.045,4650,1
0.046,4650,1
0.047,4650,1
0.048,4650,1
0.049,4650,1
0.05,4650,1
0.051,4650,1
0.052,4650,1
0.053,4650,1
0.054,4650,1
0.055,4650,1
0.056,4650,1
0.057,4650,1
0.058,4650,1
0.059,4650,1
0.06,4650,1
0.061,4650,1
0.062,4650,1
0.063,4650,1
0.064,4650,1
0.065,4650,1
0.066,4650,1
0.067,4650,1
0.068,4650,1
0.069,4650,1
0.07,4650,1
0.071,4650,1
0.072,4650,1
0.073,4650,1
0.074,4650,1
0.075,4650,1
0.076,4650,1
0.077,4650,1
0.078,4650,1
0.079,4650,1
0.08,4650,1
0.081,4650,1
0.082,4650,1
0.083,4650,1
0.084,4650,1
0.085,4650,1
0.086,4650,1
0.087,4650,1
0.088,4650,1
0.089,4650,1
0.09,4650,1
0.091,4650,1
0.092,4650,1
0.093,4650,1
0.094,4650,1
0.095,4650,1
0.096,4650,1
0.097,4650,1
0.098,4650,1
0.099,4650,1
0.1,4650,1
0.101,4650,1
0.102,4650,1
0.103,4650,1
0.104,4650,1
0.105,4650,1
0.02,2000,1
0.021,2000,1
0.022,2000,1
0.023,2000,1
0.024,2000,1
0.025,2000,1
0.026,2000,1
0.027,2000,1
0.028,2000,1
0.029,2000,1
0.03,2000,1
0.031,2000,1
0.032,2000,1
0.033,2000,1
0.034,2000,1
0.035,2000,1
0.036,2000,1
0.037,2000,1
0.038,2000,1
0.039,2000,1
0.04,2000,1
0.041,2000,1
0.042,2000,1
0.043,2000,1
0.044,2000,1
0.045,2000,1
0.046,2000,1
0.047,2000,1
0.048,2000,1
0.049,2000,1
0.05,2000,1
0.051,2000,1
0.052,2000,1
0.053,2000,1
0.054,2000,1
0.055,2000,1
0.056,2000,1
0.057,2000,1
0.058,2000,1
0.059,2000,1
0.06,2000,1
0.061,2000,1
0.062,2000,1
0.063,2000,1
0.064,2000,1
0.065,2000,1
0.066,2000,1
0.067,2000,1
0.068,2000,1
0.069,2000,1
0.07,2000,1
0.071,2000,1
0.072,2000,1
0.073,2000,1
0.074,2000,1
0.075,2000,1
0.076,2000,1
0.077,2000,1
0.078,2000,1
0.079,2000,1
0.08,2000,1
0.081,2000,1
0.082,2000,1
0.083,2000,1
0.084,2000,1
0.085,2000,1
0.086,2000,1
0.087,2000,1
0.088,2000,1
0.089,2000,1
0.09,2000,1
0.091,2000,1
0.092,2000,1
0.093,2000,1
0.094,2000,1
0.095,2000,1
0.096,2000,1
0.097,2000,1
0.098,2000,1
0.099,2000,1
0.1,2000,1
0.101,2000,1
0.102,2000,1
0.103,2000,1
0.104,2000,1
0.105,2000,1
0.106,2000,1
0.107,2000,1
0.108,2000,1
0.109,2000,1
0.11,2000,1
0.02,2050,1
0.021,2050,1
0.022,2050,1
0.023,2050,1
0.024,2050,1
0.025,2050,1
0.026,2050,1
0.027,2050,1
0.028,2050,1
0.029,2050,1
0.03,2050,1
0.031,2050,1
0.032,2050,1
0.033,2050,1
0.034,2050,1
0.035,2050,1
0.036,2050,1
0.037,2050,1
0.038,2050,1
0.039,2050,1
0.04,2050,1
0.041,2050,1
0.042,2050,1
0.043,2050,1
0.044,2050,1
0.045,2050,1
0.046,2050,1
0.047,2050,1
0.048,2050,1
0.049,2050,1
0.05,2050,1
0.051,2050,1
0.052,2050,1
0.053,2050,1
0.054,2050,1
0.055,2050,1
0.056,2050,1
0.057,2050,1
0.058,2050,1
0.059,2050,1
0.06,2050,1
0.061,2050,1
0.062,2050,1
0.063,2050,1
0.064,2050,1
0.065,2050,1
0.066,2050,1
0.067,2050,1
0.068,2050,1
0.069,2050,1
0.07,2050,1
0.071,2050,1
0.072,2050,1
0.073,2050,1
0.074,2050,1
0.075,2050,1
0.076,2050,1
0.077,2050,1
0.078,2050,1
0.079,2050,1
0.08,2050,1
0.081,2050,1
0.082,2050,1
0.083,2050,1
0.084,2050,1
0.085,2050,1
0.086,2050,1
0.087,2050,1
0.088,2050,1
0.089,2050,1
0.09,2050,1
0.091,2050,1
0.092,2050,1
0.093,2050,1
0.094,2050,1
0.095,2050,1
0.096,2050,1
0.097,2050,1
0.098,2050,1
0.099,2050,1
0.1,2050,1
0.101,2050,1
0.102,2050,1
0.103,2050,1
0.104,2050,1
0.105,2050,1
0.106,2050,1
0.107,2050,1
0.108,2050,1
0.109,2050,1
0.11,2050,1
0.02,2100,1
0.021,2100,1
0.022,2100,1
0.023,2100,1
0.024,2100,1
0.025,2100,1
0.026,2100,1
0.027,2100,1
0.028,2100,1
0.029,2100,1
0.03,2100,1
0.031,2100,1
0.032,2100,1
0.033,2100,1
0.034,2100,1
0.035,2100,1
0.036,2100,1
0.037,2100,1
0.038,2100,1
0.039,2100,1
0.04,2100,1
0.041,2100,1
0.042,2100,1
0.043,2100,1
0.044,2100,1
0.045,2100,1
0.046,2100,1
0.047,2100,1
0.048,2100,1
0.049,2100,1
0.05,2100,1
0.051,2100,1
0.052,2100,1
0.053,2100,1
0.054,2100,1
0.055,2100,1
0.056,2100,1
0.057,2100,1
0.058,2100,1
0.059,2100,1
0.06,2100,1
0.061,2100,1
0.062,2100,1
0.063,2100,1
0.064,2100,1
0.065,2100,1
0.066,2100,1
0.067,2100,1
0.068,2100,1
0.069,2100,1
0.07,2100,1
0.071,2100,1
0.072,2100,1
0.073,2100,1
0.074,2100,1
0.075,2100,1
0.076,2100,1
0.077,2100,1
0.078,2100,1
0.079,2100,1
0.08,2100,1
0.081,2100,1
0.082,2100,1
0.083,2100,1
0.084,2100,1
0.085,2100,1
0.086,2100,1
0.087,2100,1
0.088,2100,1
0.089,2100,1
0.09,2100,1
0.091,2100,1
0.092,2100,1
0.093,2100,1
0.094,2100,1
0.095,2100,1
0.096,2100,1
0.097,2100,1
0.098,2100,1
0.099,2100,1
0.1,2100,1
0.101,2100,1
0.102,2100,1
0.103,2100,1
0.104,2100,1
0.105,2100,1
0.106,2100,1
0.107,2100,1
0.108,2100,1
0.109,2100,1
0.11,2100,1
0.02,2150,1
0.021,2150,1
0.022,2150,1
0.023,2150,1
0.024,2150,1
0.025,2150,1
0.026,2150,1
0.027,2150,1
0.028,2150,1
0.029,2150,1
0.03,2150,1
0.031,2150,1
0.032,2150,1
0.033,2150,1
0.034,2150,1
0.035,2150,1
0.036,2150,1
0.037,2150,1
0.038,2150,1
0.039,2150,1
0.04,2150,1
0.041,2150,1
0.042,2150,1
0.043,2150,1
0.044,2150,1
0.045,2150,1
0.046,2150,1
0.047,2150,1
0.048,2150,1
0.049,2150,1
0.05,2150,1
0.051,2150,1
0.052,2150,1
0.053,2150,1
0.054,2150,1
0.055,2150,1
0.056,2150,1
0.057,2150,1
0.058,2150,1
0.059,2150,1
0.06,2150,1
0.061,2150,1
0.062,2150,1
0.063,2150,1
0.064,2150,1
0.065,2150,1
0.066,2150,1
0.067,2150,1
0.068,2150,1
0.069,2150,1
0.07,2150,1
0.071,2150,1
0.072,2150,1
0.073,2150,1
0.074,2150,1
0.075,2150,1
0.076,2150,1
0.077,2150,1
0.078,2150,1
0.079,2150,1
0.08,2150,1
0.081,2150,1
0.082,2150,1
0.083,2150,1
0.084,2150,1
0.085,2150,1
0.086,2150,1
0.087,2150,1
0.088,2150,1
0.089,2150,1
0.09,2150,1
0.091,2150,1
0.092,2150,1
0.093,2150,1
0.094,2150,1
0.095,2150,1
0.096,2150,1
0.097,2150,1
0.098,2150,1
0.099,2150,1
0.1,2150,1
0.101,2150,1
0.102,2150,1
0.103,2150,1
0.104,2150,1
0.105,2150,1
0.106,2150,1
0.107,2150,1
0.108,2150,1
0.109,2150,1
0.11,2150,1
0.02,2200,1
0.021,2200,1
0.022,2200,1
0.023,2200,1
0.024,2200,1
0.025,2200,1
0.026,2200,1
0.027,2200,1
0.028,2200,1
0.029,2200,1
0.03,2200,1
0.031,2200,1
0.032,2200,1
0.033,2200,1
0.034,2200,1
0.035,2200,1
0.036,2200,1
0.037,2200,1
0.038,2200,1
0.039,2200,1
0.04,2200,1
0.041,2200,1
0.042,2200,1
0.043,2200,1
0.044,2200,1
0.045,2200,1
0.046,2200,1
0.047,2200,1
0.048,2200,1
0.049,2200,1
0.05,2200,1
0.051,2200,1
0.052,2200,1
0.053,2200,1
0.054,2200,1
0.055,2200,1
0.056,2200,1
0.057,2200,1
0.058,2200,1
0.059,2200,1
0.06,2200,1
0.061,2200,1
0.062,2200,1
0.063,2200,1
0.064,2200,1
0.065,2200,1
0.066,2200,1
0.067,2200,1
0.068,2200,1
0.069,2200,1
0.07,2200,1
0.071,2200,1
0.072,2200,1
0.073,2200,1
0.074,2200,1
0.075,2200,1
0.076,2200,1
0.077,2200,1
0.078,2200,1
0.079,2200,1
0.08,2200,1
0.081,2200,1
0.082,2200,1
0.083,2200,1
0.084,2200,1
0.085,2200,1
0.086,2200,1
0.087,2200,1
0.088,2200,1
0.089,2200,1
0.09,2200,1
0.091,2200,1
0.092,2200,1
0.093,2200,1
0.094,2200,1
0.095,2200,1
0.096,2200,1
0.097,2200,1
0.098,2200,1
0.099,2200,1
0.1,2200,1
0.101,2200,1
0.102,2200,1
0.103,2200,1
0.104,2200,1
0.105,2200,1
0.106,2200,1
0.107,2200,1
0.108,2200,1
0.109,2200,1
0.11,2200,1
0.02,2250,1
0.021,2250,1
0.022,2250,1
0.023,2250,1
0.024,2250,1
0.025,2250,1
0.026,2250,1
0.027,2250,1
0.028,2250,1
0.029,2250,1
0.03,2250,1
0.031,2250,1
0.032,2250,1
0.033,2250,1
0.034,2250,1
0.035,2250,1
0.036,2250,1
0.037,2250,1
0.038,2250,1
0.039,2250,1
0.04,2250,1
0.041,2250,1
0.042,2250,1
0.043,2250,1
0.044,2250,1
0.045,2250,1
0.046,2250,1
0.047,2250,1
0.048,2250,1
0.049,2250,1
0.05,2250,1
0.051,2250,1
0.052,2250,1
0.053,2250,1
0.054,2250,1
0.055,2250,1
0.056,2250,1
0.057,2250,1
0.058,2250,1
0.059,2250,1
0.06,2250,1
0.061,2250,1
0.062,2250,1
0.063,2250,1
0.064,2250,1
0.065,2250,1
0.066,2250,1
0.067,2250,1
0.068,2250,1
0.069,2250,1
0.07,2250,1
0.071,2250,1
0.072,2250,1
0.073,2250,1
0.074,2250,1
0.075,2250,1
0.076,2250,1
0.077,2250,1
0.078,2250,1
0.079,2250,1
0.08,2250,1
0.081,2250,1
0.082,2250,1
0.083,2250,1
0.084,2250,1
0.085,2250,1
0.086,2250,1
0.087,2250,1
0.088,2250,1
0.089,2250,1
0.09,2250,1
0.091,2250,1
0.092,2250,1
0.093,2250,1
0.094,2250,1
0.095,2250,1
0.096,2250,1
0.097,2250,1
0.098,2250,1
0.099,2250,1
0.1,2250,1
0.101,2250,1
0.102,2250,1
0.103,2250,1
0.104,2250,1
0.105,2250,1
0.106,2250,1
0.107,2250,1
0.108,2250,1
0.109,2250,1
0.11,2250,1
0.02,2300,1
0.021,2300,1
0.022,2300,1
0.023,2300,1
0.024,2300,1
0.025,2300,1
0.026,2300,1
0.027,2300,1
0.028,2300,1
0.029,2300,1
0.03,2300,1
0.031,2300,1
0.032,2300,1
0.033,2300,1
0.034,2300,1
0.035,2300,1
0.036,2300,1
0.037,2300,1
0.038,2300,1
0.039,2300,1
0.04,2300,1
0.041,2300,1
0.042,2300,1
0.043,2300,1
0.044,2300,1
0.045,2300,1
0.046,2300,1
0.047,2300,1
0.048,2300,1
0.049,2300,1
0.05,2300,1
0.051,2300,1
0.052,2300,1
0.053,2300,1
0.054,2300,1
0.055,2300,1
0.056,2300,1
0.057,2300,1
0.058,2300,1
0.059,2300,1
0.06,2300,1
0.061,2300,1
0.062,2300,1
0.063,2300,1
0.064,2300,1
0.065,2300,1
0.066,2300,1
0.067,2300,1
0.068,2300,1
0.069,2300,1
0.07,2300,1
0.071,2300,1
0.072,2300,1
0.073,2300,1
0.074,2300,1
0.075,2300,1
0.076,2300,1
0.077,2300,1
0.078,2300,1
0.079,2300,1
0.08,2300,1
0.081,2300,1
0.082,2300,1
0.083,2300,1
0.084,2300,1
0.085,2300,1
0.086,2300,1
0.087,2300,1
0.088,2300,1
0.089,2300,1
0.09,2300,1
0.091,2300,1
0.092,2300,1
0.093,2300,1
0.094,2300,1
0.095,2300,1
0.096,2300,1
0.097,2300,1
0.098,2300,1
0.099,2300,1
0.1,2300,1
0.101,2300,1
0.102,2300,1
0.103,2300,1
0.104,2300,1
0.105,2300,1
0.106,2300,1
0.107,2300,1
0.108,2300,1
0.109,2300,1
0.11,2300,1
0.02,2350,1
0.021,2350,1
0.022,2350,1
0.023,2350,1
0.024,2350,1
0.025,2350,1
0.026,2350,1
0.027,2350,1
0.028,2350,1
0.029,2350,1
0.03,2350,1
0.031,2350,1
0.032,2350,1
0.033,2350,1
0.034,2350,1
0.035,2350,1
0.036,2350,1
0.037,2350,1
0.038,2350,1
0.039,2350,1
0.04,2350,1
0.041,2350,1
0.042,2350,1
0.043,2350,1
0.044,2350,1
0.045,2350,1
0.046,2350,1
0.047,2350,1
0.048,2350,1
0.049,2350,1
0.05,2350,1
0.051,2350,1
0.052,2350,1
0.053,2350,1
0.054,2350,1
0.055,2350,1
0.056,2350,1
0.057,2350,1
0.058,2350,1
0.059,2350,1
0.06,2350,1
0.061,2350,1
0.062,2350,1
0.063,2350,1
0.064,2350,1
0.065,2350,1
0.066,2350,1
0.067,2350,1
0.068,2350,1
0.069,2350,1
0.07,2350,1
0.071,2350,1
0.072,2350,1
0.073,2350,1
0.074,2350,1
0.075,2350,1
0.076,2350,1
0.077,2350,1
0.078,2350,1
0.079,2350,1
0.08,2350,1
0.081,2350,1
0.082,2350,1
0.083,2350,1
0.084,2350,1
0.085,2350,1
0.086,2350,1
0.087,2350,1
0.088,2350,1
0.089,2350,1
0.09,2350,1
0.091,2350,1
0.092,2350,1
0.093,2350,1
0.094,2350,1
0.095,2350,1
0.096,2350,1
0.097,2350,1
0.098,2350,1
0.099,2350,1
0.1,2350,1
0.101,2350,1
0.102,2350,1
0.103,2350,1
0.104,2350,1
0.105,2350,1
0.106,2350,1
0.107,2350,1
0.108,2350,1
0.109,2350,1
0.11,2350,1
0.02,2400,1
0.021,2400,1
0.022,2400,1
0.023,2400,1
0.024,2400,1
0.025,2400,1
0.026,2400,1
0.027,2400,1
0.028,2400,1
0.029,2400,1
0.03,2400,1
0.031,2400,1
0.032,2400,1
0.033,2400,1
0.034,2400,1
0.035,2400,1
0.036,2400,1
0.037,2400,1
0.038,2400,1
0.039,2400,1
0.04,2400,1
0.041,2400,1
0.042,2400,1
0.043,2400,1
0.044,2400,1
0.045,2400,1
0.046,2400,1
0.047,2400,1
0.048,2400,1
0.049,2400,1
0.05,2400,1
0.051,2400,1
0.052,2400,1
0.053,2400,1
0.054,2400,1
0.055,2400,1
0.056,2400,1
0.057,2400,1
0.058,2400,1
0.059,2400,1
0.06,2400,1
0.061,2400,1
0.062,2400,1
0.063,2400,1
0.064,2400,1
0.065,2400,1
0.066,2400,1
0.067,2400,1
0.068,2400,1
0.069,2400,1
0.07,2400,1
0.071,2400,1
0.072,2400,1
0.073,2400,1
0.074,2400,1
0.075,2400,1
0.076,2400,1
0.077,2400,1
0.078,2400,1
0.079,2400,1
0.08,2400,1
0.081,2400,1
0.082,2400,1
0.083,2400,1
0.084,2400,1
0.085,2400,1
0.086,2400,1
0.087,2400,1
0.088,2400,1
0.089,2400,1
0.09,2400,1
0.091,2400,1
0.092,2400,1
0.093,2400,1
0.094,2400,1
0.095,2400,1
0.096,2400,1
0.097,2400,1
0.098,2400,1
0.099,2400,1
0.1,2400,1
0.101,2400,1
0.102,2400,1
0.103,2400,1
0.104,2400,1
0.105,2400,1
0.106,2400,1
0.107,2400,1
0.108,2400,1
0.109,2400,1
0.11,2400,1
0.02,2800,1
0.021,2800,1
0.022,2800,1
0.023,2800,1
0.024,2800,1
0.025,2800,1
0.026,2800,1
0.027,2800,1
0.028,2800,1
0.029,2800,1
0.03,2800,1
0.031,2800,1
0.032,2800,1
0.033,2800,1
0.034,2800,1
0.035,2800,1
0.036,2800,1
0.037,2800,1
0.038,2800,1
0.039,2800,1
0.04,2800,1
0.041,2800,1
0.042,2800,1
0.043,2800,1
0.044,2800,1
0.045,2800,1
0.046,2800,1
0.047,2800,1
0.048,2800,1
0.049,2800,1
0.05,2800,1
0.051,2800,1
0.052,2800,1
0.053,2800,1
0.054,2800,1
0.055,2800,1
0.056,2800,1
0.057,2800,1
0.058,2800,1
0.059,2800,1
0.06,2800,1
0.061,2800,1
0.062,2800,1
0.063,2800,1
0.064,2800,1
0.065,2800,1
0.066,2800,1
0.067,2800,1
0.068,2800,1
0.069,2800,1
0.07,2800,1
0.071,2800,1
0.072,2800,1
0.073,2800,1
0.074,2800,1
0.075,2800,1
0.076,2800,1
0.077,2800,1
0.078,2800,1
0.079,2800,1
0.08,2800,1
0.081,2800,1
0.082,2800,1
0.083,2800,1
0.084,2800,1
0.085,2800,1
0.086,2800,1
0.087,2800,1
0.088,2800,1
0.089,2800,1
0.09,2800,1
0.091,2800,1
0.092,2800,1
0.093,2800,1
0.094,2800,1
0.095,2800,1
0.096,2800,1
0.097,2800,1
0.098,2800,1
0.099,2800,1
0.1,2800,1
0.101,2800,1
0.102,2800,1
0.103,2800,1
0.104,2800,1
0.105,2800,1
0.106,2800,1
0.107,2800,1
0.108,2800,1
0.109,2800,1
0.11,2800,1
0.02,2850,1
0.021,2850,1
0.022,2850,1
0.023,2850,1
0.024,2850,1
0.025,2850,1
0.026,2850,1
0.027,2850,1
0.028,2850,1
0.029,2850,1
0.03,2850,1
0.031,2850,1
0.032,2850,1
0.033,2850,1
0.034,2850,1
0.035,2850,1
0.036,2850,1
0.037,2850,1
0.038,2850,1
0.039,2850,1
0.04,2850,1
0.041,2850,1
0.042,2850,1
0.043,2850,1
0.044,2850,1
0.045,2850,1
0.046,2850,1
0.047,2850,1
0.048,2850,1
0.049,2850,1
0.05,2850,1
0.051,2850,1
0.052,2850,1
0.053,2850,1
0.054,2850,1
0.055,2850,1
0.056,2850,1
0.057,2850,1
0.058,2850,1
0.059,2850,1
0.06,2850,1
0.061,2850,1
0.062,2850,1
0.063,2850,1
0.064,2850,1
0.065,2850,1
0.066,2850,1
0.067,2850,1
0.068,2850,1
0.069,2850,1
0.07,2850,1
0.071,2850,1
0.072,2850,1
0.073,2850,1
0.074,2850,1
0.075,2850,1
0.076,2850,1
0.077,2850,1
0.078,2850,1
0.079,2850,1
0.08,2850,1
0.081,2850,1
0.082,2850,1
0.083,2850,1
0.084,2850,1
0.085,2850,1
0.086,2850,1
0.087,2850,1
0.088,2850,1
0.089,2850,1
0.09,2850,1
0.091,2850,1
0.092,2850,1
0.093,2850,1
0.094,2850,1
0.095,2850,1
0.096,2850,1
0.097,2850,1
0.098,2850,1
0.099,2850,1
0.1,2850,1
0.101,2850,1
0.102,2850,1
0.103,2850,1
0.104,2850,1
0.105,2850,1
0.106,2850,1
0.107,2850,1
0.108,2850,1
0.109,2850,1
0.11,2850,1
0.02,2900,1
0.021,2900,1
0.022,2900,1
0.023,2900,1
0.024,2900,1
0.025,2900,1
0.026,2900,1
0.027,2900,1
0.028,2900,1
0.029,2900,1
0.03,2900,1
0.031,2900,1
0.032,2900,1
0.033,2900,1
0.034,2900,1
0.035,2900,1
0.036,2900,1
0.037,2900,1
0.038,2900,1
0.039,2900,1
0.04,2900,1
0.041,2900,1
0.042,2900,1
0.043,2900,1
0.044,2900,1
0.045,2900,1
0.046,2900,1
0.047,2900,1
0.048,2900,1
0.049,2900,1
0.05,2900,1
0.051,2900,1
0.052,2900,1
0.053,2900,1
0.054,2900,1
0.055,2900,1
0.056,2900,1
0.057,2900,1
0.058,2900,1
0.059,2900,1
0.06,2900,1
0.061,2900,1
0.062,2900,1
0.063,2900,1
0.064,2900,1
0.065,2900,1
0.066,2900,1
0.067,2900,1
0.068,2900,1
0.069,2900,1
0.07,2900,1
0.071,2900,1
0.072,2900,1
0.073,2900,1
0.074,2900,1
0.075,2900,1
0.076,2900,1
0.077,2900,1
0.078,2900,1
0.079,2900,1
0.08,2900,1
0.081,2900,1
0.082,2900,1
0.083,2900,1
0.084,2900,1
0.085,2900,1
0.086,2900,1
0.087,2900,1
0.088,2900,1
0.089,2900,1
0.09,2900,1
0.091,2900,1
0.092,2900,1
0.093,2900,1
0.094,2900,1
0.095,2900,1
0.096,2900,1
0.097,2900,1
0.098,2900,1
0.099,2900,1
0.1,2900,1
0.101,2900,1
0.102,2900,1
0.103,2900,1
0.104,2900,1
0.105,2900,1
0.106,2900,1
0.107,2900,1
0.108,2900,1
0.109,2900,1
0.11,2900,1
0.02,2950,1
0.021,2950,1
0.022,2950,1
0.023,2950,1
0.024,2950,1
0.025,2950,1
0.026,2950,1
0.027,2950,1
0.028,2950,1
0.029,2950,1
0.03,2950,1
0.031,2950,1
0.032,2950,1
0.033,2950,1
0.034,2950,1
0.035,2950,1
0.036,2950,1
0.037,2950,1
0.038,2950,1
0.039,2950,1
0.04,2950,1
0.041,2950,1
0.042,2950,1
0.043,2950,1
0.044,2950,1
0.045,2950,1
0.046,2950,1
0.047,2950,1
0.048,2950,1
0.049,2950,1
0.05,2950,1
0.051,2950,1
0.052,2950,1
0.053,2950,1
0.054,2950,1
0.055,2950,1
0.056,2950,1
0.057,2950,1
0.058,2950,1
0.059,2950,1
0.06,2950,1
0.061,2950,1
0.062,2950,1
0.063,2950,1
0.064,2950,1
0.065,2950,1
0.066,2950,1
0.067,2950,1
0.068,2950,1
0.069,2950,1
0.07,2950,1
0.071,2950,1
0.072,2950,1
0.073,2950,1
0.074,2950,1
0.075,2950,1
0.076,2950,1
0.077,2950,1
0.078,2950,1
0.079,2950,1
0.08,2950,1
0.081,2950,1
0.082,2950,1
0.083,2950,1
0.084,2950,1
0.085,2950,1
0.086,2950,1
0.087,2950,1
0.088,2950,1
0.089,2950,1
0.09,2950,1
0.091,2950,1
0.092,2950,1
0.093,2950,1
0.094,2950,1
0.095,2950,1
0.096,2950,1
0.097,2950,1
0.098,2950,1
0.099,2950,1
0.1,2950,1
0.101,2950,1
0.102,2950,1
0.103,2950,1
0.104,2950,1
0.105,2950,1
0.106,2950,1
0.107,2950,1
0.108,2950,1
0.109,2950,1
0.11,2950,1
0.02,3000,1
0.021,3000,1
0.022,3000,1
0.023,3000,1
0.024,3000,1
0.025,3000,1
0.026,3000,1
0.027,3000,1
0.028,3000,1
0.029,3000,1
0.03,3000,1
0.031,3000,1
0.032,3000,1
0.033,3000,1
0.034,3000,1
0.035,3000,1
0.036,3000,1
0.037,3000,1
0.038,3000,1
0.039,3000,1
0.04,3000,1
0.041,3000,1
0.042,3000,1
0.043,3000,1
0.044,3000,1
0.045,3000,1
0.046,3000,1
0.047,3000,1
0.048,3000,1
0.049,3000,1
0.05,3000,1
0.051,3000,1
0.052,3000,1
0.053,3000,1
0.054,3000,1
0.055,3000,1
0.056,3000,1
0.057,3000,1
0.058,3000,1
0.059,3000,1
0.06,3000,1
0.061,3000,1
0.062,3000,1
0.063,3000,1
0.064,3000,1
0.065,3000,1
0.066,3000,1
0.067,3000,1
0.068,3000,1
0.069,3000,1
0.07,3000,1
0.071,3000,1
0.072,3000,1
0.073,3000,1
0.074,3000,1
0.075,3000,1
0.076,3000,1
0.077,3000,1
0.078,3000,1
0.079,3000,1
0.08,3000,1
0.081,3000,1
0.082,3000,1
0.083,3000,1
0.084,3000,1
0.085,3000,1
0.086,3000,1
0.087,3000,1
0.088,3000,1
0.089,3000,1
0.09,3000,1
0.091,3000,1
0.092,3000,1
0.093,3000,1
0.094,3000,1
0.095,3000,1
0.096,3000,1
0.097,3000,1
0.098,3000,1
0.099,3000,1
0.1,3000,1
0.101,3000,1
0.102,3000,1
0.103,3000,1
0.104,3000,1
0.105,3000,1
0.106,3000,1
0.107,3000,1
0.108,3000,1
0.109,3000,1
0.11,3000,1
0.02,3050,1
0.021,3050,1
0.022,3050,1
0.023,3050,1
0.024,3050,1
0.025,3050,1
0.026,3050,1
0.027,3050,1
0.028,3050,1
0.029,3050,1
0.03,3050,1
0.031,3050,1
0.032,3050,1
0.033,3050,1
0.034,3050,1
0.035,3050,1
0.036,3050,1
0.037,3050,1
0.038,3050,1
0.039,3050,1
0.04,3050,1
0.041,3050,1
0.042,3050,1
0.043,3050,1
0.044,3050,1
0.045,3050,1
0.046,3050,1
0.047,3050,1
0.048,3050,1
0.049,3050,1
0.05,3050,1
0.051,3050,1
0.052,3050,1
0.053,3050,1
0.054,3050,1
0.055,3050,1
0.056,3050,1
0.057,3050,1
0.058,3050,1
0.059,3050,1
0.06,3050,1
0.061,3050,1
0.062,3050,1
0.063,3050,1
0.064,3050,1
0.065,3050,1
0.066,3050,1
0.067,3050,1
0.068,3050,1
0.069,3050,1
0.07,3050,1
0.071,3050,1
0.072,3050,1
0.073,3050,1
0.074,3050,1
0.075,3050,1
0.076,3050,1
0.077,3050,1
0.078,3050,1
0.079,3050,1
0.08,3050,1
0.081,3050,1
0.082,3050,1
0.083,3050,1
0.084,3050,1
0.085,3050,1
0.086,3050,1
0.087,3050,1
0.088,3050,1
0.089,3050,1
0.09,3050,1
0.091,3050,1
0.092,3050,1
0.093,3050,1
0.094,3050,1
0.095,3050,1
0.096,3050,1
0.097,3050,1
0.098,3050,1
0.099,3050,1
0.1,3050,1
0.101,3050,1
0.102,3050,1
0.103,3050,1
0.104,3050,1
0.105,3050,1
0.106,3050,1
0.107,3050,1
0.108,3050,1
0.109,3050,1
0.11,3050,1
0.02,3100,1
0.021,3100,1
0.022,3100,1
0.023,3100,1
0.024,3100,1
0.025,3100,1
0.026,3100,1
0.027,3100,1
0.028,3100,1
0.029,3100,1
0.03,3100,1
0.031,3100,1
0.032,3100,1
0.033,3100,1
0.034,3100,1
0.035,3100,1
0.036,3100,1
0.037,3100,1
0.038,3100,1
0.039,3100,1
0.04,3100,1
0.041,3100,1
0.042,3100,1
0.043,3100,1
0.044,3100,1
0.045,3100,1
0.046,3100,1
0.047,3100,1
0.048,3100,1
0.049,3100,1
0.05,3100,1
0.051,3100,1
0.052,3100,1
0.053,3100,1
0.054,3100,1
0.055,3100,1
0.056,3100,1
0.057,3100,1
0.058,3100,1
0.059,3100,1
0.06,3100,1
0.061,3100,1
0.062,3100,1
0.063,3100,1
0.064,3100,1
0.065,3100,1
0.066,3100,1
0.067,3100,1
0.068,3100,1
0.069,3100,1
0.07,3100,1
0.071,3100,1
0.072,3100,1
0.073,3100,1
0.074,3100,1
0.075,3100,1
0.076,3100,1
0.077,3100,1
0.078,3100,1
0.079,3100,1
0.08,3100,1
0.081,3100,1
0.082,3100,1
0.083,3100,1
0.084,3100,1
0.085,3100,1
0.086,3100,1
0.087,3100,1
0.088,3100,1
0.089,3100,1
0.09,3100,1
0.091,3100,1
0.092,3100,1
0.093,3100,1
0.094,3100,1
0.095,3100,1
0.096,3100,1
0.097,3100,1
0.098,3100,1
0.099,3100,1
0.1,3100,1
0.101,3100,1
0.102,3100,1
0.103,3100,1
0.104,3100,1
0.105,3100,1
0.106,3100,1
0.107,3100,1
0.108,3100,1
0.109,3100,1
0.11,3100,1
0.02,3150,1
0.021,3150,1
0.022,3150,1
0.023,3150,1
0.024,3150,1
0.025,3150,1
0.026,3150,1
0.027,3150,1
0.028,3150,1
0.029,3150,1
0.03,3150,1
0.031,3150,1
0.032,3150,1
0.033,3150,1
0.034,3150,1
0.035,3150,1
0.036,3150,1
0.037,3150,1
0.038,3150,1
0.039,3150,1
0.04,3150,1
0.041,3150,1
0.042,3150,1
0.043,3150,1
0.044,3150,1
0.045,3150,1
0.046,3150,1
0.047,3150,1
0.048,3150,1
0.049,3150,1
0.05,3150,1
0.051,3150,1
0.052,3150,1
0.053,3150,1
0.054,3150,1
0.055,3150,1
0.056,3150,1
0.057,3150,1
0.058,3150,1
0.059,3150,1
0.06,3150,1
0.061,3150,1
0.062,3150,1
0.063,3150,1
0.064,3150,1
0.065,3150,1
0.066,3150,1
0.067,3150,1
0.068,3150,1
0.069,3150,1
0.07,3150,1
0.071,3150,1
0.072,3150,1
0.073,3150,1
0.074,3150,1
0.075,3150,1
0.076,3150,1
0.077,3150,1
0.078,3150,1
0.079,3150,1
0.08,3150,1
0.081,3150,1
0.082,3150,1
0.083,3150,1
0.084,3150,1
0.085,3150,1
0.086,3150,1
0.087,3150,1
0.088,3150,1
0.089,3150,1
0.09,3150,1
0.091,3150,1
0.092,3150,1
0.093,3150,1
0.094,3150,1
0.095,3150,1
0.096,3150,1
0.097,3150,1
0.098,3150,1
0.099,3150,1
0.1,3150,1
0.101,3150,1
0.102,3150,1
0.103,3150,1
0.104,3150,1
0.105,3150,1
0.106,3150,1
0.107,3150,1
0.108,3150,1
0.109,3150,1
0.11,3150,1
0.02,3200,1
0.021,3200,1
0.022,3200,1
0.023,3200,1
0.024,3200,1
0.025,3200,1
0.026,3200,1
0.027,3200,1
0.028,3200,1
0.029,3200,1
0.03,3200,1
0.031,3200,1
0.032,3200,1
0.033,3200,1
0.034,3200,1
0.035,3200,1
0.036,3200,1
0.037,3200,1
0.038,3200,1
0.039,3200,1
0.04,3200,1
0.041,3200,1
0.042,3200,1
0.043,3200,1
0.044,3200,1
0.045,3200,1
0.046,3200,1
0.047,3200,1
0.048,3200,1
0.049,3200,1
0.05,3200,1
0.051,3200,1
0.052,3200,1
0.053,3200,1
0.054,3200,1
0.055,3200,1
0.056,3200,1
0.057,3200,1
0.058,3200,1
0.059,3200,1
0.06,3200,1
0.061,3200,1
0.062,3200,1
0.063,3200,1
0.064,3200,1
0.065,3200,1
0.066,3200,1
0.067,3200,1
0.068,3200,1
0.069,3200,1
0.07,3200,1
0.071,3200,1
0.072,3200,1
0.073,3200,1
0.074,3200,1
0.075,3200,1
0.076,3200,1
0.077,3200,1
0.078,3200,1
0.079,3200,1
0.08,3200,1
0.081,3200,1
0.082,3200,1
0.083,3200,1
0.084,3200,1
0.085,3200,1
0.086,3200,1
0.087,3200,1
0.088,3200,1
0.089,3200,1
0.09,3200,1
0.091,3200,1
0.092,3200,1
0.093,3200,1
0.094,3200,1
0.095,3200,1
0.096,3200,1
0.097,3200,1
0.098,3200,1
0.099,3200,1
0.1,3200,1
0.101,3200,1
0.102,3200,1
0.103,3200,1
0.104,3200,1
0.105,3200,1
0.106,3200,1
0.107,3200,1
0.108,3200,1
0.109,3200,1
0.11,3200,1
0.02,3250,1
0.021,3250,1
0.022,3250,1
0.023,3250,1
0.024,3250,1
0.025,3250,1
0.026,3250,1
0.027,3250,1
0.028,3250,1
0.029,3250,1
0.03,3250,1
0.031,3250,1
0.032,3250,1
0.033,3250,1
0.034,3250,1
0.035,3250,1
0.036,3250,1
0.037,3250,1
0.038,3250,1
0.039,3250,1
0.04,3250,1
0.041,3250,1
0.042,3250,1
0.043,3250,1
0.044,3250,1
0.045,3250,1
0.046,3250,1
0.047,3250,1
0.048,3250,1
0.049,3250,1
0.05,3250,1
0.051,3250,1
0.052,3250,1
0.053,3250,1
0.054,3250,1
0.055,3250,1
0.056,3250,1
0.057,3250,1
0.058,3250,1
0.059,3250,1
0.06,3250,1
0.061,3250,1
0.062,3250,1
0.063,3250,1
0.064,3250,1
0.065,3250,1
0.066,3250,1
0.067,3250,1
0.068,3250,1
0.069,3250,1
0.07,3250,1
0.071,3250,1
0.072,3250,1
0.073,3250,1
0.074,3250,1
0.075,3250,1
0.076,3250,1
0.077,3250,1
0.078,3250,1
0.079,3250,1
0.08,3250,1
0.081,3250,1
0.082,3250,1
0.083,3250,1
0.084,3250,1
0.085,3250,1
0.086,3250,1
0.087,3250,1
0.088,3250,1
0.089,3250,1
0.09,3250,1
0.091,3250,1
0.092,3250,1
0.093,3250,1
0.094,3250,1
0.095,3250,1
0.096,3250,1
0.097,3250,1
0.098,3250,1
0.099,3250,1
0.1,3250,1
0.101,3250,1
0.102,3250,1
0.103,3250,1
0.104,3250,1
0.105,3250,1
0.106,3250,1
0.107,3250,1
0.108,3250,1
0.109,3250,1
0.11,3250,1
0.02,3300,1
0.021,3300,1
0.022,3300,1
0.023,3300,1
0.024,3300,1
0.025,3300,1
0.026,3300,1
0.027,3300,1
0.028,3300,1
0.029,3300,1
0.03,3300,1
0.031,3300,1
0.032,3300,1
0.033,3300,1
0.034,3300,1
0.035,3300,1
0.036,3300,1
0.037,3300,1
0.038,3300,1
0.039,3300,1
0.04,3300,1
0.041,3300,1
0.042,3300,1
0.043,3300,1
0.044,3300,1
0.045,3300,1
0.046,3300,1
0.047,3300,1
0.048,3300,1
0.049,3300,1
0.05,3300,1
0.051,3300,1
0.052,3300,1
0.053,3300,1
0.054,3300,1
0.055,3300,1
0.056,3300,1
0.057,3300,1
0.058,3300,1
0.059,3300,1
0.06,3300,1
0.061,3300,1
0.062,3300,1
0.063,3300,1
0.064,3300,1
0.065,3300,1
0.066,3300,1
0.067,3300,1
0.068,3300,1
0.069,3300,1
0.07,3300,1
0.071,3300,1
0.072,3300,1
0.073,3300,1
0.074,3300,1
0.075,3300,1
0.076,3300,1
0.077,3300,1
0.078,3300,1
0.079,3300,1
0.08,3300,1
0.081,3300,1
0.082,3300,1
0.083,3300,1
0.084,3300,1
0.085,3300,1
0.086,3300,1
0.087,3300,1
0.088,3300,1
0.089,3300,1
0.09,3300,1
0.091,3300,1
0.092,3300,1
0.093,3300,1
0.094,3300,1
0.095,3300,1
0.096,3300,1
0.097,3300,1
0.098,3300,1
0.099,3300,1
0.1,3300,1
0.101,3300,1
0.102,3300,1
0.103,3300,1
0.104,3300,1
0.105,3300,1
0.106,3300,1
0.107,3300,1
0.108,3300,1
0.109,3300,1
0.11,3300,1
0.02,3350,1
0.021,3350,1
0.022,3350,1
0.023,3350,1
0.024,3350,1
0.025,3350,1
0.026,3350,1
0.027,3350,1
0.028,3350,1
0.029,3350,1
0.03,3350,1
0.031,3350,1
0.032,3350,1
0.033,3350,1
0.034,3350,1
0.035,3350,1
0.036,3350,1
0.037,3350,1
0.038,3350,1
0.039,3350,1
0.04,3350,1
0.041,3350,1
0.042,3350,1
0.043,3350,1
0.044,3350,1
0.045,3350,1
0.046,3350,1
0.047,3350,1
0.048,3350,1
0.049,3350,1
0.05,3350,1
0.051,3350,1
0.052,3350,1
0.053,3350,1
0.054,3350,1
0.055,3350,1
0.056,3350,1
0.057,3350,1
0.058,3350,1
0.059,3350,1
0.06,3350,1
0.061,3350,1
0.062,3350,1
0.063,3350,1
0.064,3350,1
0.065,3350,1
0.066,3350,1
0.067,3350,1
0.068,3350,1
0.069,3350,1
0.07,3350,1
0.071,3350,1
0.072,3350,1
0.073,3350,1
0.074,3350,1
0.075,3350,1
0.076,3350,1
0.077,3350,1
0.078,3350,1
0.079,3350,1
0.08,3350,1
0.081,3350,1
0.082,3350,1
0.083,3350,1
0.084,3350,1
0.085,3350,1
0.086,3350,1
0.087,3350,1
0.088,3350,1
0.089,3350,1
0.09,3350,1
0.091,3350,1
0.092,3350,1
0.093,3350,1
0.094,3350,1
0.095,3350,1
0.096,3350,1
0.097,3350,1
0.098,3350,1
0.099,3350,1
0.1,3350,1
0.101,3350,1
0.102,3350,1
0.103,3350,1
0.104,3350,1
0.105,3350,1
0.106,3350,1
0.107,3350,1
0.108,3350,1
0.109,3350,1
0.11,3350,1
0.02,3400,1
0.021,3400,1
0.022,3400,1
0.023,3400,1
0.024,3400,1
0.025,3400,1
0.026,3400,1
0.027,3400,1
0.028,3400,1
0.029,3400,1
0.03,3400,1
0.031,3400,1
0.032,3400,1
0.033,3400,1
0.034,3400,1
0.035,3400,1
0.036,3400,1
0.037,3400,1
0.038,3400,1
0.039,3400,1
0.04,3400,1
0.041,3400,1
0.042,3400,1
0.043,3400,1
0.044,3400,1
0.045,3400,1
0.046,3400,1
0.047,3400,1
0.048,3400,1
0.049,3400,1
0.05,3400,1
0.051,3400,1
0.052,3400,1
0.053,3400,1
0.054,3400,1
0.055,3400,1
0.056,3400,1
0.057,3400,1
0.058,3400,1
0.059,3400,1
0.06,3400,1
0.061,3400,1
0.062,3400,1
0.063,3400,1
0.064,3400,1
0.065,3400,1
0.066,3400,1
0.067,3400,1
0.068,3400,1
0.069,3400,1
0.07,3400,1
0.071,3400,1
0.072,3400,1
0.073,3400,1
0.074,3400,1
0.075,3400,1
0.076,3400,1
0.077,3400,1
0.078,3400,1
0.079,3400,1
0.08,3400,1
0.081,3400,1
0.082,3400,1
0.083,3400,1
0.084,3400,1
0.085,3400,1
0.086,3400,1
0.087,3400,1
0.088,3400,1
0.089,3400,1
0.09,3400,1
0.091,3400,1
0.092,3400,1
0.093,3400,1
0.094,3400,1
0.095,3400,1
0.096,3400,1
0.097,3400,1
0.098,3400,1
0.099,3400,1
0.1,3400,1
0.101,3400,1
0.102,3400,1
0.103,3400,1
0.104,3400,1
0.105,3400,1
0.106,3400,1
0.107,3400,1
0.108,3400,1
0.109,3400,1
0.11,3400,1
0.02,3450,1
0.021,3450,1
0.022,3450,1
0.023,3450,1
0.024,3450,1
0.025,3450,1
0.026,3450,1
0.027,3450,1
0.028,3450,1
0.029,3450,1
0.03,3450,1
0.031,3450,1
0.032,3450,1
0.033,3450,1
0.034,3450,1
0.035,3450,1
0.036,3450,1
0.037,3450,1
0.038,3450,1
0.039,3450,1
0.04,3450,1
0.041,3450,1
0.042,3450,1
0.043,3450,1
0.044,3450,1
0.045,3450,1
0.046,3450,1
0.047,3450,1
0.048,3450,1
0.049,3450,1
0.05,3450,1
0.051,3450,1
0.052,3450,1
0.053,3450,1
0.054,3450,1
0.055,3450,1
0.056,3450,1
0.057,3450,1
0.058,3450,1
0.059,3450,1
0.06,3450,1
0.061,3450,1
0.062,3450,1
0.063,3450,1
0.064,3450,1
0.065,3450,1
0.066,3450,1
0.067,3450,1
0.068,3450,1
0.069,3450,1
0.07,3450,1
0.071,3450,1
0.072,3450,1
0.073,3450,1
0.074,3450,1
0.075,3450,1
0.076,3450,1
0.077,3450,1
0.078,3450,1
0.079,3450,1
0.08,3450,1
0.081,3450,1
0.082,3450,1
0.083,3450,1
0.084,3450,1
0.085,3450,1
0.086,3450,1
0.087,3450,1
0.088,3450,1
0.089,3450,1
0.09,3450,1
0.091,3450,1
0.092,3450,1
0.093,3450,1
0.094,3450,1
0.095,3450,1
0.096,3450,1
0.097,3450,1
0.098,3450,1
0.099,3450,1
0.1,3450,1
0.101,3450,1
0.102,3450,1
0.103,3450,1
0.104,3450,1
0.105,3450,1
0.106,3450,1
0.107,3450,1
0.108,3450,1
0.109,3450,1
0.11,3450,1
0.02,3500,1
0.021,3500,1
0.022,3500,1
0.023,3500,1
0.024,3500,1
0.025,3500,1
0.026,3500,1
0.027,3500,1
0.028,3500,1
0.029,3500,1
0.03,3500,1
0.031,3500,1
0.032,3500,1
0.033,3500,1
0.034,3500,1
0.035,3500,1
0.036,3500,1
0.037,3500,1
0.038,3500,1
0.039,3500,1
0.04,3500,1
0.041,3500,1
0.042,3500,1
0.043,3500,1
0.044,3500,1
0.045,3500,1
0.046,3500,1
0.047,3500,1
0.048,3500,1
0.049,3500,1
0.05,3500,1
0.051,3500,1
0.052,3500,1
0.053,3500,1
0.054,3500,1
0.055,3500,1
0.056,3500,1
0.057,3500,1
0.058,3500,1
0.059,3500,1
0.06,3500,1
0.061,3500,1
0.062,3500,1
0.063,3500,1
0.064,3500,1
0.065,3500,1
0.066,3500,1
0.067,3500,1
0.068,3500,1
0.069,3500,1
0.07,3500,1
0.071,3500,1
0.072,3500,1
0.073,3500,1
0.074,3500,1
0.075,3500,1
0.076,3500,1
0.077,3500,1
0.078,3500,1
0.079,3500,1
0.08,3500,1
0.081,3500,1
0.082,3500,1
0.083,3500,1
0.084,3500,1
0.085,3500,1
0.086,3500,1
0.087,3500,1
0.088,3500,1
0.089,3500,1
0.09,3500,1
0.091,3500,1
0.092,3500,1
0.093,3500,1
0.094,3500,1
0.095,3500,1
0.096,3500,1
0.097,3500,1
0.098,3500,1
0.099,3500,1
0.1,3500,1
0.101,3500,1
0.102,3500,1
0.103,3500,1
0.104,3500,1
0.105,3500,1
0.106,3500,1
0.107,3500,1
0.108,3500,1
0.109,3500,1
0.11,3500,1
0.02,3550,1
0.021,3550,1
0.022,3550,1
0.023,3550,1
0.024,3550,1
0.025,3550,1
0.026,3550,1
0.027,3550,1
0.028,3550,1
0.029,3550,1
0.03,3550,1
0.031,3550,1
0.032,3550,1
0.033,3550,1
0.034,3550,1
0.035,3550,1
0.036,3550,1
0.037,3550,1
0.038,3550,1
0.039,3550,1
0.04,3550,1
0.041,3550,1
0.042,3550,1
0.043,3550,1
0.044,3550,1
0.045,3550,1
0.046,3550,1
0.047,3550,1
0.048,3550,1
0.049,3550,1
0.05,3550,1
0.051,3550,1
0.052,3550,1
0.053,3550,1
0.054,3550,1
0.055,3550,1
0.056,3550,1
0.057,3550,1
0.058,3550,1
0.059,3550,1
0.06,3550,1
0.061,3550,1
0.062,3550,1
0.063,3550,1
0.064,3550,1
0.065,3550,1
0.066,3550,1
0.067,3550,1
0.068,3550,1
0.069,3550,1
0.07,3550,1
0.071,3550,1
0.072,3550,1
0.073,3550,1
0.074,3550,1
0.075,3550,1
0.076,3550,1
0.077,3550,1
0.078,3550,1
0.079,3550,1
0.08,3550,1
0.081,3550,1
0.082,3550,1
0.083,3550,1
0.084,3550,1
0.085,3550,1
0.086,3550,1
0.087,3550,1
0.088,3550,1
0.089,3550,1
0.09,3550,1
0.091,3550,1
0.092,3550,1
0.093,3550,1
0.094,3550,1
0.095,3550,1
0.096,3550,1
0.097,3550,1
0.098,3550,1
0.099,3550,1
0.1,3550,1
0.101,3550,1
0.102,3550,1
0.103,3550,1
0.104,3550,1
0.105,3550,1
0.106,3550,1
0.107,3550,1
0.108,3550,1
0.109,3550,1
0.11,3550,1
0.02,3600,1
0.021,3600,1
0.022,3600,1
0.023,3600,1
0.024,3600,1
0.025,3600,1
0.026,3600,1
0.027,3600,1
0.028,3600,1
0.029,3600,1
0.03,3600,1
0.031,3600,1
0.032,3600,1
0.033,3600,1
0.034,3600,1
0.035,3600,1
0.036,3600,1
0.037,3600,1
0.038,3600,1
0.039,3600,1
0.04,3600,1
0.041,3600,1
0.042,3600,1
0.043,3600,1
0.044,3600,1
0.045,3600,1
0.046,3600,1
0.047,3600,1
0.048,3600,1
0.049,3600,1
0.05,3600,1
0.051,3600,1
0.052,3600,1
0.053,3600,1
0.054,3600,1
0.055,3600,1
0.056,3600,1
0.057,3600,1
0.058,3600,1
0.059,3600,1
0.06,3600,1
0.061,3600,1
0.062,3600,1
0.063,3600,1
0.064,3600,1
0.065,3600,1
0.066,3600,1
0.067,3600,1
0.068,3600,1
0.069,3600,1
0.07,3600,1
0.071,3600,1
0.072,3600,1
0.073,3600,1
0.074,3600,1
0.075,3600,1
0.076,3600,1
0.077,3600,1
0.078,3600,1
0.079,3600,1
0.08,3600,1
0.081,3600,1
0.082,3600,1
0.083,3600,1
0.084,3600,1
0.085,3600,1
0.086,3600,1
0.087,3600,1
0.088,3600,1
0.089,3600,1
0.09,3600,1
0.091,3600,1
0.092,3600,1
0.093,3600,1
0.094,3600,1
0.095,3600,1
0.096,3600,1
0.097,3600,1
0.098,3600,1
0.099,3600,1
0.1,3600,1
0.101,3600,1
0.102,3600,1
0.103,3600,1
0.104,3600,1
0.105,3600,1
0.106,3600,1
0.107,3600,1
0.108,3600,1
0.109,3600,1
0.11,3600,1
0.02,3650,1
0.021,3650,1
0.022,3650,1
0.023,3650,1
0.024,3650,1
0.025,3650,1
0.026,3650,1
0.027,3650,1
0.028,3650,1
0.029,3650,1
0.03,3650,1
0.031,3650,1
0.032,3650,1
0.033,3650,1
0.034,3650,1
0.035,3650,1
0.036,3650,1
0.037,3650,1
0.038,3650,1
0.039,3650,1
0.04,3650,1
0.041,3650,1
0.042,3650,1
0.043,3650,1
0.044,3650,1
0.045,3650,1
0.046,3650,1
0.047,3650,1
0.048,3650,1
0.049,3650,1
0.05,3650,1
0.051,3650,1
0.052,3650,1
0.053,3650,1
0.054,3650,1
0.055,3650,1
0.056,3650,1
0.057,3650,1
0.058,3650,1
0.059,3650,1
0.06,3650,1
0.061,3650,1
0.062,3650,1
0.063,3650,1
0.064,3650,1
0.065,3650,1
0.066,3650,1
0.067,3650,1
0.068,3650,1
0.069,3650,1
0.07,3650,1
0.071,3650,1
0.072,3650,1
0.073,3650,1
0.074,3650,1
0.075,3650,1
0.076,3650,1
0.077,3650,1
0.078,3650,1
0.079,3650,1
0.08,3650,1
0.081,3650,1
0.082,3650,1
0.083,3650,1
0.084,3650,1
0.085,3650,1
0.086,3650,1
0.087,3650,1
0.088,3650,1
0.089,3650,1
0.09,3650,1
0.091,3650,1
0.092,3650,1
0.093,3650,1
0.094,3650,1
0.095,3650,1
0.096,3650,1
0.097,3650,1
0.098,3650,1
0.099,3650,1
0.1,3650,1
0.101,3650,1
0.102,3650,1
0.103,3650,1
0.104,3650,1
0.105,3650,1
0.106,3650,1
0.107,3650,1
0.108,3650,1
0.109,3650,1
0.11,3650,1
0.08,1800,0
0.081,1800,0
0.082,1800,0
0.083,1800,0
0.084,1800,0
0.085,1800,0
0.086,1800,0
0.087,1800,0
0.088,1800,0
0.089,1800,0
0.09,1800,0
0.091,1800,0
0.092,1800,0
0.093,1800,0
0.094,1800,0
0.095,1800,0
0.096,1800,0
0.097,1800,0
0.098,1800,0
0.099,1800,0
0.1,1800,0
0.101,1800,0
0.102,1800,0
0.103,1800,0
0.104,1800,0
0.105,1800,0
0.106,1800,0
0.107,1800,0
0.108,1800,0
0.109,1800,0
0.11,1800,0
0.041,1825,0
0.042,1825,0
0.043,1825,0
0.044,1825,0
0.045,1825,0
0.046,1825,0
0.047,1825,0
0.048,1825,0
0.049,1825,0
0.05,1825,0
0.051,1825,0
0.052,1825,0
0.053,1825,0
0.054,1825,0
0.055,1825,0
0.056,1825,0
0.057,1825,0
0.058,1825,0
0.059,1825,0
0.06,1825,0
0.061,1825,0
0.062,1825,0
0.063,1825,0
0.064,1825,0
0.065,1825,0
0.066,1825,0
0.067,1825,0
0.068,1825,0
0.069,1825,0
0.07,1825,0
0.071,1825,0
0.072,1825,0
0.073,1825,0
0.074,1825,0
0.075,1825,0
0.076,1825,0
0.077,1825,0
0.078,1825,0
0.079,1825,0
0.08,1825,0
0.081,1825,0
0.082,1825,0
0.083,1825,0
0.084,1825,0
0.085,1825,0
0.086,1825,0
0.087,1825,0
0.088,1825,0
0.089,1825,0
0.09,1825,0
0.091,1825,0
0.092,1825,0
0.093,1825,0
0.094,1825,0
0.095,1825,0
0.096,1825,0
0.097,1825,0
0.098,1825,0
0.099,1825,0
0.1,1825,0
0.101,1825,0
0.102,1825,0
0.103,1825,0
0.104,1825,0
0.105,1825,0
0.106,1825,0
0.107,1825,0
0.108,1825,0
0.109,1825,0
0.11,1825,0
0.036,1850,0
0.037,1850,0
0.038,1850,0
0.039,1850,0
0.04,1850,0
0.041,1850,0
0.042,1850,0
0.043,1850,0
0.044,1850,0
0.045,1850,0
0.046,1850,0
0.047,1850,0
0.048,1850,0
0.049,1850,0
0.05,1850,0
0.051,1850,0
0.052,1850,0
0.053,1850,0
0.054,1850,0
0.055,1850,0
0.056,1850,0
0.057,1850,0
0.058,1850,0
0.059,1850,0
0.06,1850,0
0.061,1850,0
0.062,1850,0
0.063,1850,0
0.064,1850,0
0.065,1850,0
0.066,1850,0
0.067,1850,0
0.068,1850,0
0.069,1850,0
0.07,1850,0
0.071,1850,0
0.072,1850,0
0.073,1850,0
0.074,1850,0
0.075,1850,0
0.076,1850,0
0.077,1850,0
0.078,1850,0
0.079,1850,0
0.08,1850,0
0.081,1850,0
0.082,1850,0
0.083,1850,0
0.084,1850,0
0.085,1850,0
0.086,1850,0
0.087,1850,0
0.088,1850,0
0.089,1850,0
0.09,1850,0
0.091,1850,0
0.092,1850,0
0.093,1850,0
0.094,1850,0
0.095,1850,0
0.096,1850,0
0.097,1850,0
0.098,1850,0
0.099,1850,0
0.1,1850,0
0.101,1850,0
0.102,1850,0
0.103,1850,0
0.104,1850,0
0.105,1850,0
0.106,1850,0
0.107,1850,0
0.108,1850,0
0.109,1850,0
0.11,1850,0
0.033,1875,0
0.034,1875,0
0.035,1875,0
0.036,1875,0
0.037,1875,0
0.038,1875,0
0.039,1875,0
0.04,1875,0
0.041,1875,0
0.042,1875,0
0.043,1875,0
0.044,1875,0
0.045,1875,0
0.046,1875,0
0.047,1875,0
0.048,1875,0
0.049,1875,0
0.05,1875,0
0.051,1875,0
0.052,1875,0
0.053,1875,0
0.054,1875,0
0.055,1875,0
0.056,1875,0
0.057,1875,0
0.058,1875,0
0.059,1875,0
0.06,1875,0
0.061,1875,0
0.062,1875,0
0.063,1875,0
0.064,1875,0
0.065,1875,0
0.066,1875,0
0.067,1875,0
0.068,1875,0
0.069,1875,0
0.07,1875,0
0.071,1875,0
0.072,1875,0
0.073,1875,0
0.074,1875,0
0.075,1875,0
0.076,1875,0
0.077,1875,0
0.078,1875,0
0.079,1875,0
0.08,1875,0
0.081,1875,0
0.082,1875,0
0.083,1875,0
0.084,1875,0
0.085,1875,0
0.086,1875,0
0.087,1875,0
0.088,1875,0
0.089,1875,0
0.09,1875,0
0.091,1875,0
0.092,1875,0
0.093,1875,0
0.094,1875,0
0.095,1875,0
0.096,1875,0
0.097,1875,0
0.098,1875,0
0.099,1875,0
0.1,1875,0
0.101,1875,0
0.102,1875,0
0.103,1875,0
0.104,1875,0
0.105,1875,0
0.106,1875,0
0.107,1875,0
0.108,1875,0
0.109,1875,0
0.11,1875,0
0.033,1910,0
0.034,1910,0
0.035,1910,0
0.036,1910,0
0.037,1910,0
0.038,1910,0
0.039,1910,0
0.04,1910,0
0.041,1910,0
0.042,1910,0
0.043,1910,0
0.044,1910,0
0.045,1910,0
0.046,1910,0
0.047,1910,0
0.048,1910,0
0.049,1910,0
0.05,1910,0
0.051,1910,0
0.052,1910,0
0.053,1910,0
0.054,1910,0
0.055,1910,0
0.056,1910,0
0.057,1910,0
0.058,1910,0
0.059,1910,0
0.06,1910,0
0.061,1910,0
0.062,1910,0
0.063,1910,0
0.064,1910,0
0.065,1910,0
0.066,1910,0
0.067,1910,0
0.068,1910,0
0.069,1910,0
0.07,1910,0
0.071,1910,0
0.072,1910,0
0.073,1910,0
0.074,1910,0
0.075,1910,0
0.076,1910,0
0.077,1910,0
0.078,1910,0
0.079,1910,0
0.08,1910,0
0.081,1910,0
0.082,1910,0
0.083,1910,0
0.084,1910,0
0.085,1910,0
0.086,1910,0
0.087,1910,0
0.088,1910,0
0.089,1910,0
0.09,1910,0
0.091,1910,0
0.092,1910,0
0.093,1910,0
0.094,1910,0
0.095,1910,0
0.096,1910,0
0.097,1910,0
0.098,1910,0
0.099,1910,0
0.1,1910,0
0.101,1910,0
0.102,1910,0
0.103,1910,0
0.104,1910,0
0.105,1910,0
0.106,1910,0
0.107,1910,0
0.108,1910,0
0.109,1910,0
0.11,1910,0
0.033,1950,0
0.034,1950,0
0.035,1950,0
0.036,1950,0
0.037,1950,0
0.038,1950,0
0.039,1950,0
0.04,1950,0
0.041,1950,0
0.042,1950,0
0.043,1950,0
0.044,1950,0
0.045,1950,0
0.046,1950,0
0.047,1950,0
0.048,1950,0
0.049,1950,0
0.05,1950,0
0.051,1950,0
0.052,1950,0
0.053,1950,0
0.054,1950,0
0.055,1950,0
0.056,1950,0
0.057,1950,0
0.058,1950,0
0.059,1950,0
0.06,1950,0
0.061,1950,0
0.062,1950,0
0.063,1950,0
0.064,1950,0
0.065,1950,0
0.066,1950,0
0.067,1950,0
0.068,1950,0
0.069,1950,0
0.07,1950,0
0.071,1950,0
0.072,1950,0
0.073,1950,0
0.074,1950,0
0.075,1950,0
0.076,1950,0
0.077,1950,0
0.078,1950,0
0.079,1950,0
0.08,1950,0
0.081,1950,0
0.082,1950,0
0.083,1950,0
0.084,1950,0
0.085,1950,0
0.086,1950,0
0.087,1950,0
0.088,1950,0
0.089,1950,0
0.09,1950,0
0.091,1950,0
0.092,1950,0
0.093,1950,0
0.094,1950,0
0.095,1950,0
0.096,1950,0
0.097,1950,0
0.098,1950,0
0.099,1950,0
0.1,1950,0
0.101,1950,0
0.102,1950,0
0.103,1950,0
0.104,1950,0
0.105,1950,0
0.106,1950,0
0.107,1950,0
0.108,1950,0
0.109,1950,0
0.11,1950,0
0.036,1975,0
0.037,1975,0
0.038,1975,0
0.039,1975,0
0.04,1975,0
0.041,1975,0
0.042,1975,0
0.043,1975,0
0.044,1975,0
0.045,1975,0
0.046,1975,0
0.047,1975,0
0.048,1975,0
0.049,1975,0
0.05,1975,0
0.051,1975,0
0.052,1975,0
0.053,1975,0
0.054,1975,0
0.055,1975,0
0.056,1975,0
0.057,1975,0
0.058,1975,0
0.059,1975,0
0.06,1975,0
0.061,1975,0
0.062,1975,0
0.063,1975,0
0.064,1975,0
0.065,1975,0
0.066,1975,0
0.067,1975,0
0.068,1975,0
0.069,1975,0
0.07,1975,0
0.071,1975,0
0.072,1975,0
0.073,1975,0
0.074,1975,0
0.075,1975,0
0.076,1975,0
0.077,1975,0
0.078,1975,0
0.079,1975,0
0.08,1975,0
0.081,1975,0
0.082,1975,0
0.083,1975,0
0.084,1975,0
0.085,1975,0
0.086,1975,0
0.087,1975,0
0.088,1975,0
0.089,1975,0
0.09,1975,0
0.091,1975,0
0.092,1975,0
0.093,1975,0
0.094,1975,0
0.095,1975,0
0.096,1975,0
0.097,1975,0
0.098,1975,0
0.099,1975,0
0.1,1975,0
0.101,1975,0
0.102,1975,0
0.103,1975,0
0.104,1975,0
0.105,1975,0
0.106,1975,0
0.107,1975,0
0.108,1975,0
0.109,1975,0
0.11,1975,0
0.071,2000,0
0.072,2000,0
0.073,2000,0
0.074,2000,0
0.075,2000,0
0.076,2000,0
0.077,2000,0
0.078,2000,0
0.079,2000,0
0.08,2000,0
0.081,2000,0
0.082,2000,0
0.083,2000,0
0.084,2000,0
0.085,2000,0
0.086,2000,0
0.087,2000,0
0.088,2000,0
0.089,2000,0
0.09,2000,0
0.091,2000,0
0.092,2000,0
0.093,2000,0
0.094,2000,0
0.095,2000,0
0.096,2000,0
0.097,2000,0
0.098,2000,0
0.099,2000,0
0.1,2000,0
0.101,2000,0
0.102,2000,0
0.103,2000,0
0.104,2000,0
0.105,2000,0
0.106,2000,0
0.107,2000,0
0.108,2000,0
0.109,2000,0
0.11,2000,0
0.099,2400,0
0.1,2400,0
0.101,2400,0
0.102,2400,0
0.103,2400,0
0.104,2400,0
0.105,2400,0
0.106,2400,0
0.107,2400,0
0.108,2400,0
0.109,2400,0
0.11,2400,0
0.043,2450,0
0.044,2450,0
0.045,2450,0
0.046,2450,0
0.047,2450,0
0.048,2450,0
0.049,2450,0
0.05,2450,0
0.051,2450,0
0.052,2450,0
0.053,2450,0
0.054,2450,0
0.055,2450,0
0.056,2450,0
0.057,2450,0
0.058,2450,0
0.059,2450,0
0.06,2450,0
0.061,2450,0
0.062,2450,0
0.063,2450,0
0.064,2450,0
0.065,2450,0
0.066,2450,0
0.067,2450,0
0.068,2450,0
0.069,2450,0
0.07,2450,0
0.071,2450,0
0.072,2450,0
0.073,2450,0
0.074,2450,0
0.075,2450,0
0.076,2450,0
0.077,2450,0
0.078,2450,0
0.079,2450,0
0.08,2450,0
0.081,2450,0
0.082,2450,0
0.083,2450,0
0.084,2450,0
0.085,2450,0
0.086,2450,0
0.087,2450,0
0.088,2450,0
0.089,2450,0
0.09,2450,0
0.091,2450,0
0.092,2450,0
0.093,2450,0
0.094,2450,0
0.095,2450,0
0.096,2450,0
0.097,2450,0
0.098,2450,0
0.099,2450,0
0.1,2450,0
0.101,2450,0
0.102,2450,0
0.103,2450,0
0.104,2450,0
0.105,2450,0
0.106,2450,0
0.107,2450,0
0.108,2450,0
0.109,2450,0
0.11,2450,0
0.036,2500,0
0.037,2500,0
0.038,2500,0
0.039,2500,0
0.04,2500,0
0.041,2500,0
0.042,2500,0
0.043,2500,0
0.044,2500,0
0.045,2500,0
0.046,2500,0
0.047,2500,0
0.048,2500,0
0.049,2500,0
0.05,2500,0
0.051,2500,0
0.052,2500,0
0.053,2500,0
0.054,2500,0
0.055,2500,0
0.056,2500,0
0.057,2500,0
0.058,2500,0
0.059,2500,0
0.06,2500,0
0.061,2500,0
0.062,2500,0
0.063,2500,0
0.064,2500,0
0.065,2500,0
0.066,2500,0
0.067,2500,0
0.068,2500,0
0.069,2500,0
0.07,2500,0
0.071,2500,0
0.072,2500,0
0.073,2500,0
0.074,2500,0
0.075,2500,0
0.076,2500,0
0.077,2500,0
0.078,2500,0
0.079,2500,0
0.08,2500,0
0.081,2500,0
0.082,2500,0
0.083,2500,0
0.084,2500,0
0.085,2500,0
0.086,2500,0
0.087,2500,0
0.088,2500,0
0.089,2500,0
0.09,2500,0
0.091,2500,0
0.092,2500,0
0.093,2500,0
0.094,2500,0
0.095,2500,0
0.096,2500,0
0.097,2500,0
0.098,2500,0
0.099,2500,0
0.1,2500,0
0.101,2500,0
0.102,2500,0
0.103,2500,0
0.104,2500,0
0.105,2500,0
0.106,2500,0
0.107,2500,0
0.108,2500,0
0.109,2500,0
0.11,2500,0
0.033,2550,0
0.034,2550,0
0.035,2550,0
0.036,2550,0
0.037,2550,0
0.038,2550,0
0.039,2550,0
0.04,2550,0
0.041,2550,0
0.042,2550,0
0.043,2550,0
0.044,2550,0
0.045,2550,0
0.046,2550,0
0.047,2550,0
0.048,2550,0
0.049,2550,0
0.05,2550,0
0.051,2550,0
0.052,2550,0
0.053,2550,0
0.054,2550,0
0.055,2550,0
0.056,2550,0
0.057,2550,0
0.058,2550,0
0.059,2550,0
0.06,2550,0
0.061,2550,0
0.062,2550,0
0.063,2550,0
0.064,2550,0
0.065,2550,0
0.066,2550,0
0.067,2550,0
0.068,2550,0
0.069,2550,0
0.07,2550,0
0.071,2550,0
0.072,2550,0
0.073,2550,0
0.074,2550,0
0.075,2550,0
0.076,2550,0
0.077,2550,0
0.078,2550,0
0.079,2550,0
0.08,2550,0
0.081,2550,0
0.082,2550,0
0.083,2550,0
0.084,2550,0
0.085,2550,0
0.086,2550,0
0.087,2550,0
0.088,2550,0
0.089,2550,0
0.09,2550,0
0.091,2550,0
0.092,2550,0
0.093,2550,0
0.094,2550,0
0.095,2550,0
0.096,2550,0
0.097,2550,0
0.098,2550,0
0.099,2550,0
0.1,2550,0
0.101,2550,0
0.102,2550,0
0.103,2550,0
0.104,2550,0
0.105,2550,0
0.106,2550,0
0.107,2550,0
0.108,2550,0
0.109,2550,0
0.11,2550,0
0.033,2600,0
0.034,2600,0
0.035,2600,0
0.036,2600,0
0.037,2600,0
0.038,2600,0
0.039,2600,0
0.04,2600,0
0.041,2600,0
0.042,2600,0
0.043,2600,0
0.044,2600,0
0.045,2600,0
0.046,2600,0
0.047,2600,0
0.048,2600,0
0.049,2600,0
0.05,2600,0
0.051,2600,0
0.052,2600,0
0.053,2600,0
0.054,2600,0
0.055,2600,0
0.056,2600,0
0.057,2600,0
0.058,2600,0
0.059,2600,0
0.06,2600,0
0.061,2600,0
0.062,2600,0
0.063,2600,0
0.064,2600,0
0.065,2600,0
0.066,2600,0
0.067,2600,0
0.068,2600,0
0.069,2600,0
0.07,2600,0
0.071,2600,0
0.072,2600,0
0.073,2600,0
0.074,2600,0
0.075,2600,0
0.076,2600,0
0.077,2600,0
0.078,2600,0
0.079,2600,0
0.08,2600,0
0.081,2600,0
0.082,2600,0
0.083,2600,0
0.084,2600,0
0.085,2600,0
0.086,2600,0
0.087,2600,0
0.088,2600,0
0.089,2600,0
0.09,2600,0
0.091,2600,0
0.092,2600,0
0.093,2600,0
0.094,2600,0
0.095,2600,0
0.096,2600,0
0.097,2600,0
0.098,2600,0
0.099,2600,0
0.1,2600,0
0.101,2600,0
0.102,2600,0
0.103,2600,0
0.104,2600,0
0.105,2600,0
0.106,2600,0
0.107,2600,0
0.108,2600,0
0.109,2600,0
0.11,2600,0
0.035,2650,0
0.036,2650,0
0.037,2650,0
0.038,2650,0
0.039,2650,0
0.04,2650,0
0.041,2650,0
0.042,2650,0
0.043,2650,0
0.044,2650,0
0.045,2650,0
0.046,2650,0
0.047,2650,0
0.048,2650,0
0.049,2650,0
0.05,2650,0
0.051,2650,0
0.052,2650,0
0.053,2650,0
0.054,2650,0
0.055,2650,0
0.056,2650,0
0.057,2650,0
0.058,2650,0
0.059,2650,0
0.06,2650,0
0.061,2650,0
0.062,2650,0
0.063,2650,0
0.064,2650,0
0.065,2650,0
0.066,2650,0
0.067,2650,0
0.068,2650,0
0.069,2650,0
0.07,2650,0
0.071,2650,0
0.072,2650,0
0.073,2650,0
0.074,2650,0
0.075,2650,0
0.076,2650,0
0.077,2650,0
0.078,2650,0
0.079,2650,0
0.08,2650,0
0.081,2650,0
0.082,2650,0
0.083,2650,0
0.084,2650,0
0.085,2650,0
0.086,2650,0
0.087,2650,0
0.088,2650,0
0.089,2650,0
0.09,2650,0
0.091,2650,0
0.092,2650,0
0.093,2650,0
0.094,2650,0
0.095,2650,0
0.096,2650,0
0.097,2650,0
0.098,2650,0
0.099,2650,0
0.1,2650,0
0.101,2650,0
0.102,2650,0
0.103,2650,0
0.104,2650,0
0.105,2650,0
0.106,2650,0
0.107,2650,0
0.108,2650,0
0.109,2650,0
0.11,2650,0
0.047,2700,0
0.048,2700,0
0.049,2700,0
0.05,2700,0
0.051,2700,0
0.052,2700,0
0.053,2700,0
0.054,2700,0
0.055,2700,0
0.056,2700,0
0.057,2700,0
0.058,2700,0
0.059,2700,0
0.06,2700,0
0.061,2700,0
0.062,2700,0
0.063,2700,0
0.064,2700,0
0.065,2700,0
0.066,2700,0
0.067,2700,0
0.068,2700,0
0.069,2700,0
0.07,2700,0
0.071,2700,0
0.072,2700,0
0.073,2700,0
0.074,2700,0
0.075,2700,0
0.076,2700,0
0.077,2700,0
0.078,2700,0
0.079,2700,0
0.08,2700,0
0.081,2700,0
0.082,2700,0
0.083,2700,0
0.084,2700,0
0.085,2700,0
0.086,2700,0
0.087,2700,0
0.088,2700,0
0.089,2700,0
0.09,2700,0
0.091,2700,0
0.092,2700,0
0.093,2700,0
0.094,2700,0
0.095,2700,0
0.096,2700,0
0.097,2700,0
0.098,2700,0
0.099,2700,0
0.1,2700,0
0.101,2700,0
0.102,2700,0
0.103,2700,0
0.104,2700,0
0.105,2700,0
0.106,2700,0
0.107,2700,0
0.108,2700,0
0.109,2700,0
0.11,2700,0
0.063,2750,0
0.064,2750,0
0.065,2750,0
0.066,2750,0
0.067,2750,0
0.068,2750,0
0.069,2750,0
0.07,2750,0
0.071,2750,0
0.072,2750,0
0.073,2750,0
0.074,2750,0
0.075,2750,0
0.076,2750,0
0.077,2750,0
0.078,2750,0
0.079,2750,0
0.08,2750,0
0.081,2750,0
0.082,2750,0
0.083,2750,0
0.084,2750,0
0.085,2750,0
0.086,2750,0
0.087,2750,0
0.088,2750,0
0.089,2750,0
0.09,2750,0
0.091,2750,0
0.092,2750,0
0.093,2750,0
0.094,2750,0
0.095,2750,0
0.096,2750,0
0.097,2750,0
0.098,2750,0
0.099,2750,0
0.1,2750,0
0.101,2750,0
0.102,2750,0
0.103,2750,0
0.104,2750,0
0.105,2750,0
0.106,2750,0
0.107,2750,0
0.108,2750,0
0.109,2750,0
0.11,2750,0
0.088,2800,0
0.089,2800,0
0.09,2800,0
0.091,2800,0
0.092,2800,0
0.093,2800,0
0.094,2800,0
0.095,2800,0
0.096,2800,0
0.097,2800,0
0.098,2800,0
0.099,2800,0
0.1,2800,0
0.101,2800,0
0.102,2800,0
0.103,2800,0
0.104,2800,0
0.105,2800,0
0.106,2800,0
0.107,2800,0
0.108,2800,0
0.109,2800,0
0.11,2800,0
0.071,3650,0
0.072,3650,0
0.073,3650,0
0.074,3650,0
0.075,3650,0
0.076,3650,0
0.077,3650,0
0.078,3650,0
0.079,3650,0
0.08,3650,0
0.081,3650,0
0.082,3650,0
0.083,3650,0
0.084,3650,0
0.085,3650,0
0.086,3650,0
0.087,3650,0
0.088,3650,0
0.089,3650,0
0.09,3650,0
0.091,3650,0
0.092,3650,0
0.093,3650,0
0.094,3650,0
0.095,3650,0
0.096,3650,0
0.097,3650,0
0.098,3650,0
0.099,3650,0
0.1,3650,0
0.101,3650,0
0.102,3650,0
0.103,3650,0
0.104,3650,0
0.105,3650,0
0.106,3650,0
0.107,3650,0
0.108,3650,0
0.109,3650,0
0.11,3650,0
0.051,3700,0
0.052,3700,0
0.053,3700,0
0.054,3700,0
0.055,3700,0
0.056,3700,0
0.057,3700,0
0.058,3700,0
0.059,3700,0
0.06,3700,0
0.061,3700,0
0.062,3700,0
0.063,3700,0
0.064,3700,0
0.065,3700,0
0.066,3700,0
0.067,3700,0
0.068,3700,0
0.069,3700,0
0.07,3700,0
0.071,3700,0
0.072,3700,0
0.073,3700,0
0.074,3700,0
0.075,3700,0
0.076,3700,0
0.077,3700,0
0.078,3700,0
0.079,3700,0
0.08,3700,0
0.081,3700,0
0.082,3700,0
0.083,3700,0
0.084,3700,0
0.085,3700,0
0.086,3700,0
0.087,3700,0
0.088,3700,0
0.089,3700,0
0.09,3700,0
0.091,3700,0
0.092,3700,0
0.093,3700,0
0.094,3700,0
0.095,3700,0
0.096,3700,0
0.097,3700,0
0.098,3700,0
0.099,3700,0
0.1,3700,0
0.101,3700,0
0.102,3700,0
0.103,3700,0
0.104,3700,0
0.105,3700,0
0.106,3700,0
0.107,3700,0
0.108,3700,0
0.109,3700,0
0.11,3700,0
0.046,3750,0
0.047,3750,0
0.048,3750,0
0.049,3750,0
0.05,3750,0
0.051,3750,0
0.052,3750,0
0.053,3750,0
0.054,3750,0
0.055,3750,0
0.056,3750,0
0.057,3750,0
0.058,3750,0
0.059,3750,0
0.06,3750,0
0.061,3750,0
0.062,3750,0
0.063,3750,0
0.064,3750,0
0.065,3750,0
0.066,3750,0
0.067,3750,0
0.068,3750,0
0.069,3750,0
0.07,3750,0
0.071,3750,0
0.072,3750,0
0.073,3750,0
0.074,3750,0
0.075,3750,0
0.076,3750,0
0.077,3750,0
0.078,3750,0
0.079,3750,0
0.08,3750,0
0.081,3750,0
0.082,3750,0
0.083,3750,0
0.084,3750,0
0.085,3750,0
0.086,3750,0
0.087,3750,0
0.088,3750,0
0.089,3750,0
0.09,3750,0
0.091,3750,0
0.092,3750,0
0.093,3750,0
0.094,3750,0
0.095,3750,0
0.096,3750,0
0.097,3750,0
0.098,3750,0
0.099,3750,0
0.1,3750,0
0.101,3750,0
0.102,3750,0
0.103,3750,0
0.104,3750,0
0.105,3750,0
0.106,3750,0
0.107,3750,0
0.108,3750,0
0.109,3750,0
0.11,3750,0
0.041,3800,0
0.042,3800,0
0.043,3800,0
0.044,3800,0
0.045,3800,0
0.046,3800,0
0.047,3800,0
0.048,3800,0
0.049,3800,0
0.05,3800,0
0.051,3800,0
0.052,3800,0
0.053,3800,0
0.054,3800,0
0.055,3800,0
0.056,3800,0
0.057,3800,0
0.058,3800,0
0.059,3800,0
0.06,3800,0
0.061,3800,0
0.062,3800,0
0.063,3800,0
0.064,3800,0
0.065,3800,0
0.066,3800,0
0.067,3800,0
0.068,3800,0
0.069,3800,0
0.07,3800,0
0.071,3800,0
0.072,3800,0
0.073,3800,0
0.074,3800,0
0.075,3800,0
0.076,3800,0
0.077,3800,0
0.078,3800,0
0.079,3800,0
0.08,3800,0
0.081,3800,0
0.082,3800,0
0.083,3800,0
0.084,3800,0
0.085,3800,0
0.086,3800,0
0.087,3800,0
0.088,3800,0
0.089,3800,0
0.09,3800,0
0.091,3800,0
0.092,3800,0
0.093,3800,0
0.094,3800,0
0.095,3800,0
0.096,3800,0
0.097,3800,0
0.098,3800,0
0.099,3800,0
0.1,3800,0
0.101,3800,0
0.102,3800,0
0.103,3800,0
0.104,3800,0
0.105,3800,0
0.106,3800,0
0.107,3800,0
0.108,3800,0
0.109,3800,0
0.11,3800,0
0.038,3850,0
0.039,3850,0
0.04,3850,0
0.041,3850,0
0.042,3850,0
0.043,3850,0
0.044,3850,0
0.045,3850,0
0.046,3850,0
0.047,3850,0
0.048,3850,0
0.049,3850,0
0.05,3850,0
0.051,3850,0
0.052,3850,0
0.053,3850,0
0.054,3850,0
0.055,3850,0
0.056,3850,0
0.057,3850,0
0.058,3850,0
0.059,3850,0
0.06,3850,0
0.061,3850,0
0.062,3850,0
0.063,3850,0
0.064,3850,0
0.065,3850,0
0.066,3850,0
0.067,3850,0
0.068,3850,0
0.069,3850,0
0.07,3850,0
0.071,3850,0
0.072,3850,0
0.073,3850,0
0.074,3850,0
0.075,3850,0
0.076,3850,0
0.077,3850,0
0.078,3850,0
0.079,3850,0
0.08,3850,0
0.081,3850,0
0.082,3850,0
0.083,3850,0
0.084,3850,0
0.085,3850,0
0.086,3850,0
0.087,3850,0
0.088,3850,0
0.089,3850,0
0.09,3850,0
0.091,3850,0
0.092,3850,0
0.093,3850,0
0.094,3850,0
0.095,3850,0
0.096,3850,0
0.097,3850,0
0.098,3850,0
0.099,3850,0
0.1,3850,0
0.101,3850,0
0.102,3850,0
0.103,3850,0
0.104,3850,0
0.105,3850,0
0.106,3850,0
0.107,3850,0
0.108,3850,0
0.109,3850,0
0.11,3850,0
0.035,3900,0
0.036,3900,0
0.037,3900,0
0.038,3900,0
0.039,3900,0
0.04,3900,0
0.041,3900,0
0.042,3900,0
0.043,3900,0
0.044,3900,0
0.045,3900,0
0.046,3900,0
0.047,3900,0
0.048,3900,0
0.049,3900,0
0.05,3900,0
0.051,3900,0
0.052,3900,0
0.053,3900,0
0.054,3900,0
0.055,3900,0
0.056,3900,0
0.057,3900,0
0.058,3900,0
0.059,3900,0
0.06,3900,0
0.061,3900,0
0.062,3900,0
0.063,3900,0
0.064,3900,0
0.065,3900,0
0.066,3900,0
0.067,3900,0
0.068,3900,0
0.069,3900,0
0.07,3900,0
0.071,3900,0
0.072,3900,0
0.073,3900,0
0.074,3900,0
0.075,3900,0
0.076,3900,0
0.077,3900,0
0.078,3900,0
0.079,3900,0
0.08,3900,0
0.081,3900,0
0.082,3900,0
0.083,3900,0
0.084,3900,0
0.085,3900,0
0.086,3900,0
0.087,3900,0
0.088,3900,0
0.089,3900,0
0.09,3900,0
0.091,3900,0
0.092,3900,0
0.093,3900,0
0.094,3900,0
0.095,3900,0
0.096,3900,0
0.097,3900,0
0.098,3900,0
0.099,3900,0
0.1,3900,0
0.101,3900,0
0.102,3900,0
0.103,3900,0
0.104,3900,0
0.105,3900,0
0.106,3900,0
0.107,3900,0
0.108,3900,0
0.109,3900,0
0.11,3900,0
0.033,3950,0
0.034,3950,0
0.035,3950,0
0.036,3950,0
0.037,3950,0
0.038,3950,0
0.039,3950,0
0.04,3950,0
0.041,3950,0
0.042,3950,0
0.043,3950,0
0.044,3950,0
0.045,3950,0
0.046,3950,0
0.047,3950,0
0.048,3950,0
0.049,3950,0
0.05,3950,0
0.051,3950,0
0.052,3950,0
0.053,3950,0
0.054,3950,0
0.055,3950,0
0.056,3950,0
0.057,3950,0
0.058,3950,0
0.059,3950,0
0.06,3950,0
0.061,3950,0
0.062,3950,0
0.063,3950,0
0.064,3950,0
0.065,3950,0
0.066,3950,0
0.067,3950,0
0.068,3950,0
0.069,3950,0
0.07,3950,0
0.071,3950,0
0.072,3950,0
0.073,3950,0
0.074,3950,0
0.075,3950,0
0.076,3950,0
0.077,3950,0
0.078,3950,0
0.079,3950,0
0.08,3950,0
0.081,3950,0
0.082,3950,0
0.083,3950,0
0.084,3950,0
0.085,3950,0
0.086,3950,0
0.087,3950,0
0.088,3950,0
0.089,3950,0
0.09,3950,0
0.091,3950,0
0.092,3950,0
0.093,3950,0
0.094,3950,0
0.095,3950,0
0.096,3950,0
0.097,3950,0
0.098,3950,0
0.099,3950,0
0.1,3950,0
0.101,3950,0
0.102,3950,0
0.103,3950,0
0.104,3950,0
0.105,3950,0
0.106,3950,0
0.107,3950,0
0.108,3950,0
0.109,3950,0
0.11,3950,0
0.033,4000,0
0.034,4000,0
0.035,4000,0
0.036,4000,0
0.037,4000,0
0.038,4000,0
0.039,4000,0
0.04,4000,0
0.041,4000,0
0.042,4000,0
0.043,4000,0
0.044,4000,0
0.045,4000,0
0.046,4000,0
0.047,4000,0
0.048,4000,0
0.049,4000,0
0.05,4000,0
0.051,4000,0
0.052,4000,0
0.053,4000,0
0.054,4000,0
0.055,4000,0
0.056,4000,0
0.057,4000,0
0.058,4000,0
0.059,4000,0
0.06,4000,0
0.061,4000,0
0.062,4000,0
0.063,4000,0
0.064,4000,0
0.065,4000,0
0.066,4000,0
0.067,4000,0
0.068,4000,0
0.069,4000,0
0.07,4000,0
0.071,4000,0
0.072,4000,0
0.073,4000,0
0.074,4000,0
0.075,4000,0
0.076,4000,0
0.077,4000,0
0.078,4000,0
0.079,4000,0
0.08,4000,0
0.081,4000,0
0.082,4000,0
0.083,4000,0
0.084,4000,0
0.085,4000,0
0.086,4000,0
0.087,4000,0
0.088,4000,0
0.089,4000,0
0.09,4000,0
0.091,4000,0
0.092,4000,0
0.093,4000,0
0.094,4000,0
0.095,4000,0
0.096,4000,0
0.097,4000,0
0.098,4000,0
0.099,4000,0
0.1,4000,0
0.101,4000,0
0.102,4000,0
0.103,4000,0
0.104,4000,0
0.105,4000,0
0.106,4000,0
0.107,4000,0
0.108,4000,0
0.109,4000,0
0.11,4000,0
0.033,4050,0
0.034,4050,0
0.035,4050,0
0.036,4050,0
0.037,4050,0
0.038,4050,0
0.039,4050,0
0.04,4050,0
0.041,4050,0
0.042,4050,0
0.043,4050,0
0.044,4050,0
0.045,4050,0
0.046,4050,0
0.047,4050,0
0.048,4050,0
0.049,4050,0
0.05,4050,0
0.051,4050,0
0.052,4050,0
0.053,4050,0
0.054,4050,0
0.055,4050,0
0.056,4050,0
0.057,4050,0
0.058,4050,0
0.059,4050,0
0.06,4050,0
0.061,4050,0
0.062,4050,0
0.063,4050,0
0.064,4050,0
0.065,4050,0
0.066,4050,0
0.067,4050,0
0.068,4050,0
0.069,4050,0
0.07,4050,0
0.071,4050,0
0.072,4050,0
0.073,4050,0
0.074,4050,0
0.075,4050,0
0.076,4050,0
0.077,4050,0
0.078,4050,0
0.079,4050,0
0.08,4050,0
0.081,4050,0
0.082,4050,0
0.083,4050,0
0.084,4050,0
0.085,4050,0
0.086,4050,0
0.087,4050,0
0.088,4050,0
0.089,4050,0
0.09,4050,0
0.091,4050,0
0.092,4050,0
0.093,4050,0
0.094,4050,0
0.095,4050,0
0.096,4050,0
0.097,4050,0
0.098,4050,0
0.099,4050,0
0.1,4050,0
0.101,4050,0
0.102,4050,0
0.103,4050,0
0.104,4050,0
0.105,4050,0
0.106,4050,0
0.107,4050,0
0.108,4050,0
0.109,4050,0
0.11,4050,0
0.034,4100,0
0.035,4100,0
0.036,4100,0
0.037,4100,0
0.038,4100,0
0.039,4100,0
0.04,4100,0
0.041,4100,0
0.042,4100,0
0.043,4100,0
0.044,4100,0
0.045,4100,0
0.046,4100,0
0.047,4100,0
0.048,4100,0
0.049,4100,0
0.05,4100,0
0.051,4100,0
0.052,4100,0
0.053,4100,0
0.054,4100,0
0.055,4100,0
0.056,4100,0
0.057,4100,0
0.058,4100,0
0.059,4100,0
0.06,4100,0
0.061,4100,0
0.062,4100,0
0.063,4100,0
0.064,4100,0
0.065,4100,0
0.066,4100,0
0.067,4100,0
0.068,4100,0
0.069,4100,0
0.07,4100,0
0.071,4100,0
0.072,4100,0
0.073,4100,0
0.074,4100,0
0.075,4100,0
0.076,4100,0
0.077,4100,0
0.078,4100,0
0.079,4100,0
0.08,4100,0
0.081,4100,0
0.082,4100,0
0.083,4100,0
0.084,4100,0
0.085,4100,0
0.086,4100,0
0.087,4100,0
0.088,4100,0
0.089,4100,0
0.09,4100,0
0.091,4100,0
0.092,4100,0
0.093,4100,0
0.094,4100,0
0.095,4100,0
0.096,4100,0
0.097,4100,0
0.098,4100,0
0.099,4100,0
0.1,4100,0
0.101,4100,0
0.102,4100,0
0.103,4100,0
0.104,4100,0
0.105,4100,0
0.106,4100,0
0.107,4100,0
0.108,4100,0
0.109,4100,0
0.11,4100,0
0.036,4150,0
0.037,4150,0
0.038,4150,0
0.039,4150,0
0.04,4150,0
0.041,4150,0
0.042,4150,0
0.043,4150,0
0.044,4150,0
0.045,4150,0
0.046,4150,0
0.047,4150,0
0.048,4150,0
0.049,4150,0
0.05,4150,0
0.051,4150,0
0.052,4150,0
0.053,4150,0
0.054,4150,0
0.055,4150,0
0.056,4150,0
0.057,4150,0
0.058,4150,0
0.059,4150,0
0.06,4150,0
0.061,4150,0
0.062,4150,0
0.063,4150,0
0.064,4150,0
0.065,4150,0
0.066,4150,0
0.067,4150,0
0.068,4150,0
0.069,4150,0
0.07,4150,0
0.071,4150,0
0.072,4150,0
0.073,4150,0
0.074,4150,0
0.075,4150,0
0.076,4150,0
0.077,4150,0
0.078,4150,0
0.079,4150,0
0.08,4150,0
0.081,4150,0
0.082,4150,0
0.083,4150,0
0.084,4150,0
0.085,4150,0
0.086,4150,0
0.087,4150,0
0.088,4150,0
0.089,4150,0
0.09,4150,0
0.091,4150,0
0.092,4150,0
0.093,4150,0
0.094,4150,0
0.095,4150,0
0.096,4150,0
0.097,4150,0
0.098,4150,0
0.099,4150,0
0.1,4150,0
0.101,4150,0
0.102,4150,0
0.103,4150,0
0.104,4150,0
0.105,4150,0
0.106,4150,0
0.107,4150,0
0.108,4150,0
0.109,4150,0
0.11,4150,0
0.036,4200,0
0.037,4200,0
0.038,4200,0
0.039,4200,0
0.04,4200,0
0.041,4200,0
0.042,4200,0
0.043,4200,0
0.044,4200,0
0.045,4200,0
0.046,4200,0
0.047,4200,0
0.048,4200,0
0.049,4200,0
0.05,4200,0
0.051,4200,0
0.052,4200,0
0.053,4200,0
0.054,4200,0
0.055,4200,0
0.056,4200,0
0.057,4200,0
0.058,4200,0
0.059,4200,0
0.06,4200,0
0.061,4200,0
0.062,4200,0
0.063,4200,0
0.064,4200,0
0.065,4200,0
0.066,4200,0
0.067,4200,0
0.068,4200,0
0.069,4200,0
0.07,4200,0
0.071,4200,0
0.072,4200,0
0.073,4200,0
0.074,4200,0
0.075,4200,0
0.076,4200,0
0.077,4200,0
0.078,4200,0
0.079,4200,0
0.08,4200,0
0.081,4200,0
0.082,4200,0
0.083,4200,0
0.084,4200,0
0.085,4200,0
0.086,4200,0
0.087,4200,0
0.088,4200,0
0.089,4200,0
0.09,4200,0
0.091,4200,0
0.092,4200,0
0.093,4200,0
0.094,4200,0
0.095,4200,0
0.096,4200,0
0.097,4200,0
0.098,4200,0
0.099,4200,0
0.1,4200,0
0.101,4200,0
0.102,4200,0
0.103,4200,0
0.104,4200,0
0.105,4200,0
0.106,4200,0
0.107,4200,0
0.108,4200,0
0.109,4200,0
0.11,4200,0
0.038,4250,0
0.039,4250,0
0.04,4250,0
0.041,4250,0
0.042,4250,0
0.043,4250,0
0.044,4250,0
0.045,4250,0
0.046,4250,0
0.047,4250,0
0.048,4250,0
0.049,4250,0
0.05,4250,0
0.051,4250,0
0.052,4250,0
0.053,4250,0
0.054,4250,0
0.055,4250,0
0.056,4250,0
0.057,4250,0
0.058,4250,0
0.059,4250,0
0.06,4250,0
0.061,4250,0
0.062,4250,0
0.063,4250,0
0.064,4250,0
0.065,4250,0
0.066,4250,0
0.067,4250,0
0.068,4250,0
0.069,4250,0
0.07,4250,0
0.071,4250,0
0.072,4250,0
0.073,4250,0
0.074,4250,0
0.075,4250,0
0.076,4250,0
0.077,4250,0
0.078,4250,0
0.079,4250,0
0.08,4250,0
0.081,4250,0
0.082,4250,0
0.083,4250,0
0.084,4250,0
0.085,4250,0
0.086,4250,0
0.087,4250,0
0.088,4250,0
0.089,4250,0
0.09,4250,0
0.091,4250,0
0.092,4250,0
0.093,4250,0
0.094,4250,0
0.095,4250,0
0.096,4250,0
0.097,4250,0
0.098,4250,0
0.099,4250,0
0.1,4250,0
0.101,4250,0
0.102,4250,0
0.103,4250,0
0.104,4250,0
0.105,4250,0
0.106,4250,0
0.107,4250,0
0.108,4250,0
0.109,4250,0
0.11,4250,0
0.042,4300,0
0.043,4300,0
0.044,4300,0
0.045,4300,0
0.046,4300,0
0.047,4300,0
0.048,4300,0
0.049,4300,0
0.05,4300,0
0.051,4300,0
0.052,4300,0
0.053,4300,0
0.054,4300,0
0.055,4300,0
0.056,4300,0
0.057,4300,0
0.058,4300,0
0.059,4300,0
0.06,4300,0
0.061,4300,0
0.062,4300,0
0.063,4300,0
0.064,4300,0
0.065,4300,0
0.066,4300,0
0.067,4300,0
0.068,4300,0
0.069,4300,0
0.07,4300,0
0.071,4300,0
0.072,4300,0
0.073,4300,0
0.074,4300,0
0.075,4300,0
0.076,4300,0
0.077,4300,0
0.078,4300,0
0.079,4300,0
0.08,4300,0
0.081,4300,0
0.082,4300,0
0.083,4300,0
0.084,4300,0
0.085,4300,0
0.086,4300,0
0.087,4300,0
0.088,4300,0
0.089,4300,0
0.09,4300,0
0.091,4300,0
0.092,4300,0
0.093,4300,0
0.094,4300,0
0.095,4300,0
0.096,4300,0
0.097,4300,0
0.098,4300,0
0.099,4300,0
0.1,4300,0
0.101,4300,0
0.102,4300,0
0.103,4300,0
0.104,4300,0
0.105,4300,0
0.106,4300,0
0.107,4300,0
0.108,4300,0
0.109,4300,0
0.11,4300,0
0.048,4350,0
0.049,4350,0
0.05,4350,0
0.051,4350,0
0.052,4350,0
0.053,4350,0
0.054,4350,0
0.055,4350,0
0.056,4350,0
0.057,4350,0
0.058,4350,0
0.059,4350,0
0.06,4350,0
0.061,4350,0
0.062,4350,0
0.063,4350,0
0.064,4350,0
0.065,4350,0
0.066,4350,0
0.067,4350,0
0.068,4350,0
0.069,4350,0
0.07,4350,0
0.071,4350,0
0.072,4350,0
0.073,4350,0
0.074,4350,0
0.075,4350,0
0.076,4350,0
0.077,4350,0
0.078,4350,0
0.079,4350,0
0.08,4350,0
0.081,4350,0
0.082,4350,0
0.083,4350,0
0.084,4350,0
0.085,4350,0
0.086,4350,0
0.087,4350,0
0.088,4350,0
0.089,4350,0
0.09,4350,0
0.091,4350,0
0.092,4350,0
0.093,4350,0
0.094,4350,0
0.095,4350,0
0.096,4350,0
0.097,4350,0
0.098,4350,0
0.099,4350,0
0.1,4350,0
0.101,4350,0
0.102,4350,0
0.103,4350,0
0.104,4350,0
0.105,4350,0
0.106,4350,0
0.107,4350,0
0.108,4350,0
0.109,4350,0
0.11,4350,0
0.058,4400,0
0.059,4400,0
0.06,4400,0
0.061,4400,0
0.062,4400,0
0.063,4400,0
0.064,4400,0
0.065,4400,0
0.066,4400,0
0.067,4400,0
0.068,4400,0
0.069,4400,0
0.07,4400,0
0.071,4400,0
0.072,4400,0
0.073,4400,0
0.074,4400,0
0.075,4400,0
0.076,4400,0
0.077,4400,0
0.078,4400,0
0.079,4400,0
0.08,4400,0
0.081,4400,0
0.082,4400,0
0.083,4400,0
0.084,4400,0
0.085,4400,0
0.086,4400,0
0.087,4400,0
0.088,4400,0
0.089,4400,0
0.09,4400,0
0.091,4400,0
0.092,4400,0
0.093,4400,0
0.094,4400,0
0.095,4400,0
0.096,4400,0
0.097,4400,0
0.098,4400,0
0.099,4400,0
0.1,4400,0
0.101,4400,0
0.102,4400,0
0.103,4400,0
0.104,4400,0
0.105,4400,0
0.106,4400,0
0.107,4400,0
0.108,4400,0
0.109,4400,0
0.11,4400,0
0.069,4450,0
0.07,4450,0
0.071,4450,0
0.072,4450,0
0.073,4450,0
0.074,4450,0
0.075,4450,0
0.076,4450,0
0.077,4450,0
0.078,4450,0
0.079,4450,0
0.08,4450,0
0.081,4450,0
0.082,4450,0
0.083,4450,0
0.084,4450,0
0.085,4450,0
0.086,4450,0
0.087,4450,0
0.088,4450,0
0.089,4450,0
0.09,4450,0
0.091,4450,0
0.092,4450,0
0.093,4450,0
0.094,4450,0
0.095,4450,0
0.096,4450,0
0.097,4450,0
0.098,4450,0
0.099,4450,0
0.1,4450,0
0.101,4450,0
0.102,4450,0
0.103,4450,0
0.104,4450,0
0.105,4450,0
0.106,4450,0
0.107,4450,0
0.108,4450,0
0.109,4450,0
0.11,4450,0
0.076,4500,0
0.077,4500,0
0.078,4500,0
0.079,4500,0
0.08,4500,0
0.081,4500,0
0.082,4500,0
0.083,4500,0
0.084,4500,0
0.085,4500,0
0.086,4500,0
0.087,4500,0
0.088,4500,0
0.089,4500,0
0.09,4500,0
0.091,4500,0
0.092,4500,0
0.093,4500,0
0.094,4500,0
0.095,4500,0
0.096,4500,0
0.097,4500,0
0.098,4500,0
0.099,4500,0
0.1,4500,0
0.101,4500,0
0.102,4500,0
0.103,4500,0
0.104,4500,0
0.105,4500,0
0.106,4500,0
0.107,4500,0
0.108,4500,0
0.109,4500,0
0.11,4500,0
0.084,4550,0
0.085,4550,0
0.086,4550,0
0.087,4550,0
0.088,4550,0
0.089,4550,0
0.09,4550,0
0.091,4550,0
0.092,4550,0
0.093,4550,0
0.094,4550,0
0.095,4550,0
0.096,4550,0
0.097,4550,0
0.098,4550,0
0.099,4550,0
0.1,4550,0
0.101,4550,0
0.102,4550,0
0.103,4550,0
0.104,4550,0
0.105,4550,0
0.106,4550,0
0.107,4550,0
0.108,4550,0
0.109,4550,0
0.11,4550,0
0.094,4600,0
0.095,4600,0
0.096,4600,0
0.097,4600,0
0.098,4600,0
0.099,4600,0
0.1,4600,0
0.101,4600,0
0.102,4600,0
0.103,4600,0
0.104,4600,0
0.105,4600,0
0.106,4600,0
0.107,4600,0
0.108,4600,0
0.109,4600,0
0.11,4600,0
0.106,4650,0
0.107,4650,0
0.108,4650,0
0.109,4650,0
0.11,4650,0
